Age,Year,Incidence,Sex
0,1970,0.0,m
5,1970,0.0,m
10,1970,0.0,m
15,1970,0.0,m
20,1970,0.0,m
25,1970,0.0,m
30,1970,0.0,m
35,1970,0.0,m
40,1970,0.0,m
45,1970,0.0,m
50,1970,0.0,m
55,1970,0.0,m
60,1970,0.0,m
65,1970,0.0,m
70,1970,0.0,m
75,1970,0.0,m
80,1970,0.0,m
0,1971,0.0,m
5,1971,0.0,m
10,1971,0.0,m
15,1971,0.0,m
20,1971,0.0,m
25,1971,0.0,m
30,1971,0.0,m
35,1971,0.0,m
40,1971,0.0,m
45,1971,0.0,m
50,1971,0.0,m
55,1971,0.0,m
60,1971,0.0,m
65,1971,0.0,m
70,1971,0.0,m
75,1971,0.0,m
80,1971,0.0,m
0,1972,0.0,m
5,1972,0.0,m
10,1972,0.0,m
15,1972,0.0,m
20,1972,0.0,m
25,1972,0.0,m
30,1972,0.0,m
35,1972,0.0,m
40,1972,0.0,m
45,1972,0.0,m
50,1972,0.0,m
55,1972,0.0,m
60,1972,0.0,m
65,1972,0.0,m
70,1972,0.0,m
75,1972,0.0,m
80,1972,0.0,m
0,1973,0.0,m
5,1973,0.0,m
10,1973,0.0,m
15,1973,0.0,m
20,1973,0.0,m
25,1973,0.0,m
30,1973,0.0,m
35,1973,0.0,m
40,1973,0.0,m
45,1973,0.0,m
50,1973,0.0,m
55,1973,0.0,m
60,1973,0.0,m
65,1973,0.0,m
70,1973,0.0,m
75,1973,0.0,m
80,1973,0.0,m
0,1974,0.0,m
5,1974,0.0,m
10,1974,0.0,m
15,1974,0.0,m
20,1974,0.0,m
25,1974,0.0,m
30,1974,0.0,m
35,1974,0.0,m
40,1974,0.0,m
45,1974,0.0,m
50,1974,0.0,m
55,1974,0.0,m
60,1974,0.0,m
65,1974,0.0,m
70,1974,0.0,m
75,1974,0.0,m
80,1974,0.0,m
0,1975,0.0,m
5,1975,0.0,m
10,1975,0.0,m
15,1975,0.0,m
20,1975,0.0,m
25,1975,0.0,m
30,1975,0.0,m
35,1975,0.0,m
40,1975,0.0,m
45,1975,0.0,m
50,1975,0.0,m
55,1975,0.0,m
60,1975,0.0,m
65,1975,0.0,m
70,1975,0.0,m
75,1975,0.0,m
80,1975,0.0,m
0,1976,3.67e-05,m
5,1976,0.0,m
10,1976,0.0,m
15,1976,0.00016725100000000002,m
20,1976,0.00045533400000000006,m
25,1976,0.000620402,m
30,1976,0.0006620770000000001,m
35,1976,0.000627141,m
40,1976,0.000564806,m
45,1976,0.000491035,m
50,1976,0.00042080900000000007,m
55,1976,0.000356185,m
60,1976,0.000301893,m
65,1976,0.000253748,m
70,1976,0.000215017,m
75,1976,0.000181124,m
80,1976,0.0,m
0,1977,3.91e-05,m
5,1977,0.0,m
10,1977,0.0,m
15,1977,0.000110074,m
20,1977,0.00029964300000000004,m
25,1977,0.000408872,m
30,1977,0.000435557,m
35,1977,0.00041244999999999997,m
40,1977,0.00037188200000000003,m
45,1977,0.000322932,m
50,1977,0.000277051,m
55,1977,0.00023413700000000004,m
60,1977,0.00019861599999999998,m
65,1977,0.00016669600000000003,m
70,1977,0.0001416,m
75,1977,0.000118809,m
80,1977,0.0,m
0,1978,6.790000000000001e-05,m
5,1978,0.0,m
10,1978,0.0,m
15,1978,0.000165956,m
20,1978,0.00045163900000000004,m
25,1978,0.000619869,m
30,1978,0.000653276,m
35,1978,0.000622031,m
40,1978,0.000560266,m
45,1978,0.00048676700000000004,m
50,1978,0.000417501,m
55,1978,0.00035288400000000003,m
60,1978,0.00029912900000000003,m
65,1978,0.00025108000000000004,m
70,1978,0.00021320000000000003,m
75,1978,0.000179096,m
80,1978,0.0,m
0,1979,0.000116147,m
5,1979,0.0,m
10,1979,0.0,m
15,1979,0.000252463,m
20,1979,0.000686702,m
25,1979,0.000943204,m
30,1979,0.000994598,m
35,1979,0.0009476350000000001,m
40,1979,0.0008504680000000001,m
45,1979,0.0007406240000000001,m
50,1979,0.0006342880000000001,m
55,1979,0.0005372080000000001,m
60,1979,0.00045431700000000003,m
65,1979,0.000381927,m
70,1979,0.00032339500000000003,m
75,1979,0.000273253,m
80,1979,0.0,m
0,1980,0.000197387,m
5,1980,0.0,m
10,1980,0.0,m
15,1980,0.000382898,m
20,1980,0.00104,m
25,1980,0.00143,m
30,1980,0.00151,m
35,1980,0.00144,m
40,1980,0.0012900000000000001,m
45,1980,0.0011200000000000001,m
50,1980,0.000960989,m
55,1980,0.0008148680000000001,m
60,1980,0.0006881970000000001,m
65,1980,0.0005790400000000001,m
70,1980,0.000489699,m
75,1980,0.000414593,m
80,1980,0.0,m
0,1981,0.00033241600000000004,m
5,1981,0.0,m
10,1981,0.0,m
15,1981,0.000582652,m
20,1981,0.0015800000000000002,m
25,1981,0.00217,m
30,1981,0.0023,m
35,1981,0.00219,m
40,1981,0.0019500000000000001,m
45,1981,0.0017100000000000001,m
50,1981,0.0014600000000000001,m
55,1981,0.00124,m
60,1981,0.0010500000000000002,m
65,1981,0.0008818690000000001,m
70,1981,0.000744326,m
75,1981,0.0006323850000000001,m
80,1981,0.0,m
0,1982,0.000554039,m
5,1982,0.0,m
10,1982,0.0,m
15,1982,0.0008826400000000001,m
20,1982,0.00239,m
25,1982,0.0032800000000000004,m
30,1982,0.00348,m
35,1982,0.0033000000000000004,m
40,1982,0.0029600000000000004,m
45,1982,0.0025900000000000003,m
50,1982,0.00221,m
55,1982,0.0018800000000000002,m
60,1982,0.0015800000000000002,m
65,1982,0.00134,m
70,1982,0.00113,m
75,1982,0.000959723,m
80,1982,0.0,m
0,1983,0.0008979750000000001,m
5,1983,0.0,m
10,1983,0.0,m
15,1983,0.0013100000000000002,m
20,1983,0.00353,m
25,1983,0.00486,m
30,1983,0.00519,m
35,1983,0.00487,m
40,1983,0.00438,m
45,1983,0.00383,m
50,1983,0.0032700000000000003,m
55,1983,0.00278,m
60,1983,0.00234,m
65,1983,0.0019800000000000004,m
70,1983,0.00166,m
75,1983,0.0014200000000000003,m
80,1983,0.0,m
0,1984,0.0014200000000000003,m
5,1984,0.0,m
10,1984,0.0,m
15,1984,0.0019199999999999998,m
20,1984,0.00519,m
25,1984,0.00715,m
30,1984,0.00764,m
35,1984,0.00717,m
40,1984,0.006450000000000001,m
45,1984,0.00562,m
50,1984,0.00481,m
55,1984,0.00408,m
60,1984,0.0034400000000000003,m
65,1984,0.0029000000000000002,m
70,1984,0.0024400000000000003,m
75,1984,0.0020700000000000002,m
80,1984,0.0,m
0,1985,0.00218,m
5,1985,0.0,m
10,1985,0.0,m
15,1985,0.0027400000000000002,m
20,1985,0.00742,m
25,1985,0.01022,m
30,1985,0.01093,m
35,1985,0.01029,m
40,1985,0.00925,m
45,1985,0.00802,m
50,1985,0.006880000000000001,m
55,1985,0.00583,m
60,1985,0.004920000000000001,m
65,1985,0.0041400000000000005,m
70,1985,0.00349,m
75,1985,0.0029600000000000004,m
80,1985,0.0,m
0,1986,0.00326,m
5,1986,0.0,m
10,1986,0.0,m
15,1986,0.0038600000000000006,m
20,1986,0.010440000000000001,m
25,1986,0.014380000000000002,m
30,1986,0.0154,m
35,1986,0.014510000000000002,m
40,1986,0.01304,m
45,1986,0.011290000000000001,m
50,1986,0.0097,m
55,1986,0.00821,m
60,1986,0.006940000000000001,m
65,1986,0.0058200000000000005,m
70,1986,0.004920000000000001,m
75,1986,0.00416,m
80,1986,0.0,m
0,1987,0.004560000000000001,m
5,1987,0.0,m
10,1987,0.0,m
15,1987,0.005000000000000001,m
20,1987,0.01354,m
25,1987,0.01865,m
30,1987,0.02001,m
35,1987,0.01891,m
40,1987,0.01693,m
45,1987,0.01464,m
50,1987,0.012590000000000002,m
55,1987,0.01064,m
60,1987,0.009,m
65,1987,0.007530000000000001,m
70,1987,0.006370000000000001,m
75,1987,0.00538,m
80,1987,0.0,m
0,1988,0.00608,m
5,1988,0.0,m
10,1988,0.0,m
15,1988,0.00619,m
20,1988,0.01676,m
25,1988,0.02307,m
30,1988,0.02478,m
35,1988,0.02359,m
40,1988,0.02082,m
45,1988,0.01814,m
50,1988,0.01557,m
55,1988,0.01316,m
60,1988,0.011130000000000001,m
65,1988,0.00931,m
70,1988,0.00787,m
75,1988,0.0066500000000000005,m
80,1988,0.0,m
0,1989,0.00773,m
5,1989,0.0,m
10,1989,0.0,m
15,1989,0.00726,m
20,1989,0.01969,m
25,1989,0.02707,m
30,1989,0.0291,m
35,1989,0.02774,m
40,1989,0.024480000000000002,m
45,1989,0.02134,m
50,1989,0.01823,m
55,1989,0.01545,m
60,1989,0.01304,m
65,1989,0.010920000000000001,m
70,1989,0.00922,m
75,1989,0.00779,m
80,1989,0.0,m
0,1990,0.00914,m
5,1990,0.0,m
10,1990,0.0,m
15,1990,0.00779,m
20,1990,0.021150000000000002,m
25,1990,0.02903,m
30,1990,0.031219999999999998,m
35,1990,0.029770000000000005,m
40,1990,0.02636,m
45,1990,0.022940000000000002,m
50,1990,0.019540000000000002,m
55,1990,0.016569999999999998,m
60,1990,0.013980000000000001,m
65,1990,0.01171,m
70,1990,0.00987,m
75,1990,0.00836,m
80,1990,0.0,m
0,1991,0.010360000000000001,m
5,1991,0.0,m
10,1991,0.0,m
15,1991,0.0079,m
20,1991,0.021470000000000003,m
25,1991,0.02946,m
30,1991,0.03166,m
35,1991,0.03025,m
40,1991,0.02681,m
45,1991,0.0233,m
50,1991,0.0198,m
55,1991,0.01683,m
60,1991,0.01416,m
65,1991,0.011880000000000002,m
70,1991,0.00999,m
75,1991,0.00847,m
80,1991,0.0,m
0,1992,0.01127,m
5,1992,0.0,m
10,1992,0.0,m
15,1992,0.0076500000000000005,m
20,1992,0.02083,m
25,1992,0.028560000000000002,m
30,1992,0.03067,m
35,1992,0.029330000000000002,m
40,1992,0.026090000000000002,m
45,1992,0.02259,m
50,1992,0.019180000000000003,m
55,1992,0.01632,m
60,1992,0.01372,m
65,1992,0.01151,m
70,1992,0.00967,m
75,1992,0.00821,m
80,1992,0.0,m
0,1993,0.011880000000000002,m
5,1993,0.0,m
10,1993,0.0,m
15,1993,0.00716,m
20,1993,0.01949,m
25,1993,0.026740000000000003,m
30,1993,0.02865,m
35,1993,0.02744,m
40,1993,0.0246,m
45,1993,0.02098,m
50,1993,0.01795,m
55,1993,0.015260000000000003,m
60,1993,0.012830000000000001,m
65,1993,0.01076,m
70,1993,0.00904,m
75,1993,0.007670000000000001,m
80,1993,0.0,m
0,1994,0.01235,m
5,1994,0.0,m
10,1994,0.0,m
15,1994,0.00673,m
20,1994,0.018310000000000003,m
25,1994,0.025150000000000002,m
30,1994,0.026889999999999997,m
35,1994,0.025779999999999997,m
40,1994,0.023150000000000004,m
45,1994,0.01974,m
50,1994,0.01691,m
55,1994,0.014310000000000002,m
60,1994,0.01207,m
65,1994,0.010100000000000001,m
70,1994,0.0085,m
75,1994,0.0072,m
80,1994,0.0,m
0,1995,0.01239,m
5,1995,0.0,m
10,1995,0.0,m
15,1995,0.00593,m
20,1995,0.016120000000000002,m
25,1995,0.022170000000000002,m
30,1995,0.02366,m
35,1995,0.022690000000000002,m
40,1995,0.020390000000000002,m
45,1995,0.01745,m
50,1995,0.014920000000000001,m
55,1995,0.012580000000000001,m
60,1995,0.010620000000000001,m
65,1995,0.00888,m
70,1995,0.0074800000000000005,m
75,1995,0.00633,m
80,1995,0.0,m
0,1996,0.012310000000000001,m
5,1996,0.0,m
10,1996,0.0,m
15,1996,0.0054600000000000004,m
20,1996,0.01483,m
25,1996,0.02042,m
30,1996,0.02176,m
35,1996,0.02087,m
40,1996,0.01879,m
45,1996,0.0161,m
50,1996,0.013760000000000001,m
55,1996,0.01157,m
60,1996,0.00979,m
65,1996,0.00818,m
70,1996,0.006900000000000001,m
75,1996,0.00583,m
80,1996,0.0,m
0,1997,0.0121,m
5,1997,0.0,m
10,1997,0.0,m
15,1997,0.005000000000000001,m
20,1997,0.013550000000000001,m
25,1997,0.018670000000000003,m
30,1997,0.019880000000000002,m
35,1997,0.01905,m
40,1997,0.01719,m
45,1997,0.014790000000000001,m
50,1997,0.012580000000000001,m
55,1997,0.01058,m
60,1997,0.00897,m
65,1997,0.00749,m
70,1997,0.006320000000000001,m
75,1997,0.0053300000000000005,m
80,1997,0.0,m
0,1998,0.011840000000000002,m
5,1998,0.0,m
10,1998,0.0,m
15,1998,0.00467,m
20,1998,0.01266,m
25,1998,0.01746,m
30,1998,0.018609999999999998,m
35,1998,0.01779,m
40,1998,0.01608,m
45,1998,0.013950000000000002,m
50,1998,0.011680000000000001,m
55,1998,0.0099,m
60,1998,0.00838,m
65,1998,0.007000000000000001,m
70,1998,0.0059,m
75,1998,0.00498,m
80,1998,0.0,m
0,1999,0.011550000000000001,m
5,1999,0.0,m
10,1999,0.0,m
15,1999,0.00444,m
20,1999,0.01205,m
25,1999,0.0166,m
30,1999,0.017730000000000003,m
35,1999,0.01691,m
40,1999,0.015310000000000002,m
45,1999,0.01331,m
50,1999,0.01114,m
55,1999,0.009460000000000001,m
60,1999,0.00797,m
65,1999,0.00668,m
70,1999,0.00562,m
75,1999,0.004750000000000001,m
80,1999,0.0,m
0,2000,0.01119,m
5,2000,0.0,m
10,2000,0.0,m
15,2000,0.00419,m
20,2000,0.01132,m
25,2000,0.015609999999999999,m
30,2000,0.016700000000000003,m
35,2000,0.0159,m
40,2000,0.0144,m
45,2000,0.01253,m
50,2000,0.010530000000000001,m
55,2000,0.00893,m
60,2000,0.0075,m
65,2000,0.0063,m
70,2000,0.0053,m
75,2000,0.0044800000000000005,m
80,2000,0.0,m
0,2001,0.010820000000000001,m
5,2001,0.0,m
10,2001,0.0,m
15,2001,0.00404,m
20,2001,0.01089,m
25,2001,0.014990000000000002,m
30,2001,0.01607,m
35,2001,0.01528,m
40,2001,0.013850000000000001,m
45,2001,0.01208,m
50,2001,0.01017,m
55,2001,0.008620000000000001,m
60,2001,0.007220000000000001,m
65,2001,0.0061,m
70,2001,0.00512,m
75,2001,0.00433,m
80,2001,0.0,m
0,2002,0.010450000000000001,m
5,2002,0.0,m
10,2002,0.0,m
15,2002,0.00382,m
20,2002,0.01029,m
25,2002,0.014180000000000002,m
30,2002,0.01523,m
35,2002,0.01447,m
40,2002,0.0131,m
45,2002,0.01144,m
50,2002,0.00967,m
55,2002,0.008150000000000001,m
60,2002,0.00682,m
65,2002,0.005770000000000001,m
70,2002,0.004830000000000001,m
75,2002,0.00408,m
80,2002,0.0,m
0,2003,0.01003,m
5,2003,0.0,m
10,2003,0.0,m
15,2003,0.00365,m
20,2003,0.009810000000000001,m
25,2003,0.01349,m
30,2003,0.014510000000000002,m
35,2003,0.013800000000000002,m
40,2003,0.012470000000000002,m
45,2003,0.010920000000000001,m
50,2003,0.00931,m
55,2003,0.007720000000000001,m
60,2003,0.00652,m
65,2003,0.005520000000000001,m
70,2003,0.00462,m
75,2003,0.0039000000000000003,m
80,2003,0.0,m
0,2004,0.008960000000000001,m
5,2004,0.0,m
10,2004,0.0,m
15,2004,0.0034200000000000003,m
20,2004,0.00919,m
25,2004,0.012650000000000002,m
30,2004,0.01361,m
35,2004,0.012970000000000002,m
40,2004,0.011680000000000001,m
45,2004,0.01024,m
50,2004,0.008749999999999999,m
55,2004,0.0072499999999999995,m
60,2004,0.00613,m
65,2004,0.0051600000000000005,m
70,2004,0.00433,m
75,2004,0.00365,m
80,2004,0.0,m
0,2005,0.00754,m
5,2005,0.0,m
10,2005,0.0,m
15,2005,0.0032800000000000004,m
20,2005,0.00881,m
25,2005,0.01207,m
30,2005,0.013020000000000002,m
35,2005,0.01243,m
40,2005,0.01117,m
45,2005,0.009800000000000001,m
50,2005,0.00838,m
55,2005,0.00698,m
60,2005,0.00589,m
65,2005,0.00495,m
70,2005,0.00417,m
75,2005,0.0035000000000000005,m
80,2005,0.0,m
0,2006,0.00662,m
5,2006,0.0,m
10,2006,0.0,m
15,2006,0.0030800000000000003,m
20,2006,0.00827,m
25,2006,0.011340000000000001,m
30,2006,0.012230000000000001,m
35,2006,0.011700000000000002,m
40,2006,0.01049,m
45,2006,0.009210000000000001,m
50,2006,0.00789,m
55,2006,0.00658,m
60,2006,0.00555,m
65,2006,0.0046500000000000005,m
70,2006,0.00392,m
75,2006,0.00329,m
80,2006,0.0,m
0,2007,0.006090000000000001,m
5,2007,0.0,m
10,2007,0.0,m
15,2007,0.0029000000000000002,m
20,2007,0.007770000000000001,m
25,2007,0.01064,m
30,2007,0.011470000000000001,m
35,2007,0.01099,m
40,2007,0.009850000000000001,m
45,2007,0.00864,m
50,2007,0.00742,m
55,2007,0.00621,m
60,2007,0.005220000000000001,m
65,2007,0.00438,m
70,2007,0.00371,m
75,2007,0.0031000000000000003,m
80,2007,0.0,m
0,2008,0.0048000000000000004,m
5,2008,0.0,m
10,2008,0.0,m
15,2008,0.00249,m
20,2008,0.0071400000000000005,m
25,2008,0.00978,m
30,2008,0.010390000000000002,m
35,2008,0.00982,m
40,2008,0.00868,m
45,2008,0.0075,m
50,2008,0.00639,m
55,2008,0.005350000000000001,m
60,2008,0.00438,m
65,2008,0.0036900000000000006,m
70,2008,0.0030900000000000003,m
75,2008,0.0025700000000000002,m
80,2008,0.0,m
0,2009,0.00428,m
5,2009,0.0,m
10,2009,0.0,m
15,2009,0.00231,m
20,2009,0.0071200000000000005,m
25,2009,0.009770000000000001,m
30,2009,0.010230000000000001,m
35,2009,0.00953,m
40,2009,0.00832,m
45,2009,0.00707,m
50,2009,0.00596,m
55,2009,0.00494,m
60,2009,0.00401,m
65,2009,0.0033500000000000005,m
70,2009,0.00278,m
75,2009,0.0023,m
80,2009,0.0,m
0,2010,0.0041,m
5,2010,0.0,m
10,2010,0.0,m
15,2010,0.00225,m
20,2010,0.0075,m
25,2010,0.0103,m
30,2010,0.010620000000000001,m
35,2010,0.009760000000000001,m
40,2010,0.00839,m
45,2010,0.007000000000000001,m
50,2010,0.00583,m
55,2010,0.00478,m
60,2010,0.00385,m
65,2010,0.0031800000000000005,m
70,2010,0.0026,m
75,2010,0.00214,m
80,2010,0.0,m
0,2011,0.00389,m
5,2011,0.0,m
10,2011,0.0,m
15,2011,0.00206,m
20,2011,0.0074600000000000005,m
25,2011,0.01024,m
30,2011,0.01041,m
35,2011,0.009410000000000002,m
40,2011,0.00797,m
45,2011,0.00653,m
50,2011,0.005350000000000001,m
55,2011,0.00433,m
60,2011,0.0034500000000000004,m
65,2011,0.0028000000000000004,m
70,2011,0.00226,m
75,2011,0.00184,m
80,2011,0.0,m
0,2012,0.00371,m
5,2012,0.0,m
10,2012,0.0,m
15,2012,0.00191,m
20,2012,0.007560000000000001,m
25,2012,0.01037,m
30,2012,0.01041,m
35,2012,0.00924,m
40,2012,0.0077,m
45,2012,0.006180000000000001,m
50,2012,0.00496,m
55,2012,0.003960000000000001,m
60,2012,0.00311,m
65,2012,0.00247,m
70,2012,0.00196,m
75,2012,0.0015800000000000002,m
80,2012,0.0,m
0,2013,0.0032800000000000004,m
5,2013,0.0,m
10,2013,0.0,m
15,2013,0.00173,m
20,2013,0.007580000000000001,m
25,2013,0.01037,m
30,2013,0.010270000000000001,m
35,2013,0.00895,m
40,2013,0.0073100000000000005,m
45,2013,0.00576,m
50,2013,0.00451,m
55,2013,0.00353,m
60,2013,0.0027300000000000002,m
65,2013,0.00209,m
70,2013,0.0016400000000000002,m
75,2013,0.0012900000000000001,m
80,2013,0.0,m
0,2014,0.00303,m
5,2014,0.0,m
10,2014,0.0,m
15,2014,0.00157,m
20,2014,0.007040000000000001,m
25,2014,0.009850000000000001,m
30,2014,0.009890000000000001,m
35,2014,0.00867,m
40,2014,0.0071200000000000005,m
45,2014,0.00562,m
50,2014,0.00438,m
55,2014,0.0034200000000000003,m
60,2014,0.00264,m
65,2014,0.00201,m
70,2014,0.00157,m
75,2014,0.0012300000000000002,m
80,2014,0.0,m
0,2015,0.00326,m
5,2015,0.0,m
10,2015,0.0,m
15,2015,0.0014000000000000002,m
20,2015,0.006410000000000001,m
25,2015,0.00916,m
30,2015,0.00934,m
35,2015,0.00822,m
40,2015,0.006790000000000001,m
45,2015,0.00536,m
50,2015,0.00416,m
55,2015,0.00324,m
60,2015,0.0025000000000000005,m
65,2015,0.0019,m
70,2015,0.0014800000000000002,m
75,2015,0.0011400000000000002,m
80,2015,0.0,m
0,2016,0.00304,m
5,2016,0.0,m
10,2016,0.0,m
15,2016,0.00127,m
20,2016,0.00595,m
25,2016,0.00871,m
30,2016,0.00898,m
35,2016,0.00797,m
40,2016,0.006600000000000001,m
45,2016,0.005220000000000001,m
50,2016,0.00404,m
55,2016,0.0031300000000000004,m
60,2016,0.0024100000000000002,m
65,2016,0.00183,m
70,2016,0.00141,m
75,2016,0.00108,m
80,2016,0.0,m
0,2017,0.0027300000000000002,m
5,2017,0.0,m
10,2017,0.0,m
15,2017,0.00147,m
20,2017,0.006260000000000001,m
25,2017,0.00876,m
30,2017,0.00884,m
35,2017,0.0078000000000000005,m
40,2017,0.00647,m
45,2017,0.005170000000000001,m
50,2017,0.00402,m
55,2017,0.00315,m
60,2017,0.0024600000000000004,m
65,2017,0.0019,m
70,2017,0.0014800000000000002,m
75,2017,0.00115,m
80,2017,0.0,m
0,2018,0.0027500000000000003,m
5,2018,0.0,m
10,2018,0.0,m
15,2018,0.00152,m
20,2018,0.0059900000000000005,m
25,2018,0.00803,m
30,2018,0.00793,m
35,2018,0.00696,m
40,2018,0.00578,m
45,2018,0.0046500000000000005,m
50,2018,0.00366,m
55,2018,0.00289,m
60,2018,0.00229,m
65,2018,0.0018,m
70,2018,0.0014000000000000002,m
75,2018,0.0011200000000000001,m
80,2018,0.0,m
0,2019,0.00215,m
5,2019,0.0,m
10,2019,0.0,m
15,2019,0.00118,m
20,2019,0.00478,m
25,2019,0.0063100000000000005,m
30,2019,0.0061600000000000005,m
35,2019,0.005390000000000001,m
40,2019,0.0044800000000000005,m
45,2019,0.0036200000000000004,m
50,2019,0.00288,m
55,2019,0.0022800000000000003,m
60,2019,0.0018200000000000002,m
65,2019,0.0014500000000000001,m
70,2019,0.0011400000000000002,m
75,2019,0.0009186110000000002,m
80,2019,0.0,m
0,2020,0.0017000000000000001,m
5,2020,0.0,m
10,2020,0.0,m
15,2020,0.000845068,m
20,2020,0.0035600000000000002,m
25,2020,0.00462,m
30,2020,0.00446,m
35,2020,0.00389,m
40,2020,0.0032300000000000002,m
45,2020,0.0026300000000000004,m
50,2020,0.0021000000000000003,m
55,2020,0.00168,m
60,2020,0.00135,m
65,2020,0.00108,m
70,2020,0.000859467,m
75,2020,0.00069901,m
80,2020,0.0,m
0,2021,0.00152,m
5,2021,0.0,m
10,2021,0.0,m
15,2021,0.0006244290000000001,m
20,2021,0.00272,m
25,2021,0.0034700000000000004,m
30,2021,0.00332,m
35,2021,0.00288,m
40,2021,0.0024000000000000002,m
45,2021,0.00196,m
50,2021,0.0015800000000000002,m
55,2021,0.00127,m
60,2021,0.00103,m
65,2021,0.0008318549999999999,m
70,2021,0.000665552,m
75,2021,0.000544265,m
80,2021,0.0,m
0,2022,0.0014000000000000002,m
5,2022,0.0,m
10,2022,0.0,m
15,2022,0.0005016020000000001,m
20,2022,0.00219,m
25,2022,0.0027900000000000004,m
30,2022,0.00266,m
35,2022,0.00231,m
40,2022,0.0019199999999999998,m
45,2022,0.00157,m
50,2022,0.00127,m
55,2022,0.00102,m
60,2022,0.000823672,m
65,2022,0.000668789,m
70,2022,0.000537562,m
75,2022,0.00043716800000000004,m
80,2022,0.0,m
0,2023,0.00103,m
5,2023,0.0,m
10,2023,0.0,m
15,2023,0.00036558300000000005,m
20,2023,0.0015900000000000003,m
25,2023,0.00203,m
30,2023,0.00194,m
35,2023,0.00167,m
40,2023,0.0014000000000000002,m
45,2023,0.0011400000000000002,m
50,2023,0.0009236470000000001,m
55,2023,0.000739994,m
60,2023,0.0005986590000000001,m
65,2023,0.000487459,m
70,2023,0.00039526700000000004,m
75,2023,0.000316404,m
80,2023,0.0,m
0,2024,0.0006075610000000001,m
5,2024,0.0,m
10,2024,0.0,m
15,2024,0.00038577,m
20,2024,0.00167,m
25,2024,0.00213,m
30,2024,0.00204,m
35,2024,0.0017600000000000003,m
40,2024,0.00147,m
45,2024,0.0012000000000000001,m
50,2024,0.00097326,m
55,2024,0.000781789,m
60,2024,0.000630847,m
65,2024,0.0005148500000000001,m
70,2024,0.000418725,m
75,2024,0.000335761,m
80,2024,0.0,m
0,2025,0.000611147,m
5,2025,0.0,m
10,2025,0.0,m
15,2025,0.00041321400000000007,m
20,2025,0.00179,m
25,2025,0.0022800000000000003,m
30,2025,0.00219,m
35,2025,0.0018800000000000002,m
40,2025,0.00157,m
45,2025,0.00128,m
50,2025,0.00104,m
55,2025,0.0008389270000000002,m
60,2025,0.000675363,m
65,2025,0.000551893,m
70,2025,0.000449936,m
75,2025,0.000362694,m
80,2025,0.0,m
0,2026,0.000580256,m
5,2026,0.0,m
10,2026,0.0,m
15,2026,0.00039626500000000003,m
20,2026,0.0017200000000000002,m
25,2026,0.00219,m
30,2026,0.0021000000000000003,m
35,2026,0.0018100000000000002,m
40,2026,0.0015,m
45,2026,0.0012300000000000002,m
50,2026,0.0009987800000000001,m
55,2026,0.000805243,m
60,2026,0.000647207,m
65,2026,0.000528603,m
70,2026,0.000432033,m
75,2026,0.000349026,m
80,2026,0.0,m
0,2027,0.0005424090000000001,m
5,2027,0.0,m
10,2027,0.0,m
15,2027,0.00036938700000000005,m
20,2027,0.0016,m
25,2027,0.00204,m
30,2027,0.0019500000000000001,m
35,2027,0.00168,m
40,2027,0.0014000000000000002,m
45,2027,0.0011400000000000002,m
50,2027,0.00092795,m
55,2027,0.0007495660000000001,m
60,2027,0.000601969,m
65,2027,0.000490924,m
70,2027,0.00040200100000000003,m
75,2027,0.000326313,m
80,2027,0.0,m
0,2028,0.000505419,m
5,2028,0.0,m
10,2028,0.0,m
15,2028,0.000346252,m
20,2028,0.0015,m
25,2028,0.00191,m
30,2028,0.0018200000000000002,m
35,2028,0.00157,m
40,2028,0.0013,m
45,2028,0.00107,m
50,2028,0.000867195,m
55,2028,0.0007016230000000001,m
60,2028,0.0005639820000000001,m
65,2028,0.0004587230000000001,m
70,2028,0.000376271,m
75,2028,0.00030764000000000003,m
80,2028,0.0,m
0,2029,0.00046123400000000004,m
5,2029,0.0,m
10,2029,0.0,m
15,2029,0.000312098,m
20,2029,0.00134,m
25,2029,0.0017200000000000002,m
30,2029,0.0016400000000000002,m
35,2029,0.0014200000000000003,m
40,2029,0.00117,m
45,2029,0.00095876,m
50,2029,0.000778754,m
55,2029,0.000630861,m
60,2029,0.000508236,m
65,2029,0.0004120440000000001,m
70,2029,0.000338402,m
75,2029,0.00027723,m
80,2029,0.0,m
0,2030,0.00043136,m
5,2030,0.0,m
10,2030,0.0,m
15,2030,0.000293081,m
20,2030,0.00126,m
25,2030,0.00161,m
30,2030,0.0015400000000000001,m
35,2030,0.00133,m
40,2030,0.0011,m
45,2030,0.0008987180000000002,m
50,2030,0.0007280850000000001,m
55,2030,0.000591697,m
60,2030,0.0004774600000000001,m
65,2030,0.000385982,m
70,2030,0.000317111,m
75,2030,0.00026019,m
80,2030,0.0,m
0,1970,0.0,f
5,1970,0.0,f
10,1970,0.0,f
15,1970,0.0,f
20,1970,0.0,f
25,1970,0.0,f
30,1970,0.0,f
35,1970,0.0,f
40,1970,0.0,f
45,1970,0.0,f
50,1970,0.0,f
55,1970,0.0,f
60,1970,0.0,f
65,1970,0.0,f
70,1970,0.0,f
75,1970,0.0,f
80,1970,0.0,f
0,1971,0.0,f
5,1971,0.0,f
10,1971,0.0,f
15,1971,0.0,f
20,1971,0.0,f
25,1971,0.0,f
30,1971,0.0,f
35,1971,0.0,f
40,1971,0.0,f
45,1971,0.0,f
50,1971,0.0,f
55,1971,0.0,f
60,1971,0.0,f
65,1971,0.0,f
70,1971,0.0,f
75,1971,0.0,f
80,1971,0.0,f
0,1972,0.0,f
5,1972,0.0,f
10,1972,0.0,f
15,1972,0.0,f
20,1972,0.0,f
25,1972,0.0,f
30,1972,0.0,f
35,1972,0.0,f
40,1972,0.0,f
45,1972,0.0,f
50,1972,0.0,f
55,1972,0.0,f
60,1972,0.0,f
65,1972,0.0,f
70,1972,0.0,f
75,1972,0.0,f
80,1972,0.0,f
0,1973,0.0,f
5,1973,0.0,f
10,1973,0.0,f
15,1973,0.0,f
20,1973,0.0,f
25,1973,0.0,f
30,1973,0.0,f
35,1973,0.0,f
40,1973,0.0,f
45,1973,0.0,f
50,1973,0.0,f
55,1973,0.0,f
60,1973,0.0,f
65,1973,0.0,f
70,1973,0.0,f
75,1973,0.0,f
80,1973,0.0,f
0,1974,0.0,f
5,1974,0.0,f
10,1974,0.0,f
15,1974,0.0,f
20,1974,0.0,f
25,1974,0.0,f
30,1974,0.0,f
35,1974,0.0,f
40,1974,0.0,f
45,1974,0.0,f
50,1974,0.0,f
55,1974,0.0,f
60,1974,0.0,f
65,1974,0.0,f
70,1974,0.0,f
75,1974,0.0,f
80,1974,0.0,f
0,1975,0.0,f
5,1975,0.0,f
10,1975,0.0,f
15,1975,0.0,f
20,1975,0.0,f
25,1975,0.0,f
30,1975,0.0,f
35,1975,0.0,f
40,1975,0.0,f
45,1975,0.0,f
50,1975,0.0,f
55,1975,0.0,f
60,1975,0.0,f
65,1975,0.0,f
70,1975,0.0,f
75,1975,0.0,f
80,1975,0.0,f
0,1976,3.63e-05,f
5,1976,0.0,f
10,1976,0.0,f
15,1976,0.00020716400000000002,f
20,1976,0.00026512300000000003,f
25,1976,0.00025811300000000003,f
30,1976,0.00023018600000000004,f
35,1976,0.000198405,f
40,1976,0.00016970100000000002,f
45,1976,0.000144902,f
50,1976,0.00012362,f
55,1976,0.00010634,f
60,1976,9.11e-05,f
65,1976,7.870000000000002e-05,f
70,1976,6.81e-05,f
75,1976,5.9900000000000006e-05,f
80,1976,0.0,f
0,1977,3.87e-05,f
5,1977,0.0,f
10,1977,0.0,f
15,1977,0.00016332,f
20,1977,0.000209093,f
25,1977,0.00020380400000000003,f
30,1977,0.000181384,f
35,1977,0.00015650200000000001,f
40,1977,0.000133768,f
45,1977,0.00011431900000000001,f
50,1977,9.730000000000001e-05,f
55,1977,8.39e-05,f
60,1977,7.18e-05,f
65,1977,6.21e-05,f
70,1977,5.36e-05,f
75,1977,4.7100000000000006e-05,f
80,1977,0.0,f
0,1978,6.72e-05,f
5,1978,0.0,f
10,1978,0.0,f
15,1978,0.000286548,f
20,1978,0.000366978,f
25,1978,0.00035870600000000003,f
30,1978,0.000317206,f
35,1978,0.000274893,f
40,1978,0.000234697,f
45,1978,0.000200579,f
50,1978,0.00017072000000000002,f
55,1978,0.00014714100000000002,f
60,1978,0.00012600100000000002,f
65,1978,0.000108885,f
70,1978,9.410000000000001e-05,f
75,1978,8.26e-05,f
80,1978,0.0,f
0,1979,0.000115011,f
5,1979,0.0,f
10,1979,0.0,f
15,1979,0.0004898760000000001,f
20,1979,0.0006275320000000001,f
25,1979,0.0006117420000000001,f
30,1979,0.0005449070000000001,f
35,1979,0.00047067000000000007,f
40,1979,0.000401292,f
45,1979,0.000342621,f
50,1979,0.00029217,f
55,1979,0.00025105900000000004,f
60,1979,0.00021574799999999998,f
65,1979,0.000185974,f
70,1979,0.000161036,f
75,1979,0.000140917,f
80,1979,0.0,f
0,1980,0.00019539200000000002,f
5,1980,0.0,f
10,1980,0.0,f
15,1980,0.00083518,f
20,1980,0.00107,f
25,1980,0.00104,f
30,1980,0.0009307899999999999,f
35,1980,0.0008033480000000002,f
40,1980,0.000684308,f
45,1980,0.000583826,f
50,1980,0.000498428,f
55,1980,0.000427544,f
60,1980,0.000368139,f
65,1980,0.000317041,f
70,1980,0.000274794,f
75,1980,0.000239846,f
80,1980,0.0,f
0,1981,0.000329212,f
5,1981,0.0,f
10,1981,0.0,f
15,1981,0.0013800000000000002,f
20,1981,0.00177,f
25,1981,0.0017200000000000002,f
30,1981,0.0015400000000000001,f
35,1981,0.00133,f
40,1981,0.00113,f
45,1981,0.0009644359999999999,f
50,1981,0.00082448,f
55,1981,0.0007054440000000001,f
60,1981,0.000609312,f
65,1981,0.0005237140000000001,f
70,1981,0.000454744,f
75,1981,0.00039582200000000005,f
80,1981,0.0,f
0,1982,0.00054935,f
5,1982,0.0,f
10,1982,0.0,f
15,1982,0.00226,f
20,1982,0.00289,f
25,1982,0.00282,f
30,1982,0.00252,f
35,1982,0.00217,f
40,1982,0.00185,f
45,1982,0.0015800000000000002,f
50,1982,0.00135,f
55,1982,0.00115,f
60,1982,0.000998381,f
65,1982,0.000857083,f
70,1982,0.0007452870000000001,f
75,1982,0.000647304,f
80,1982,0.0,f
0,1983,0.0008896110000000001,f
5,1983,0.0,f
10,1983,0.0,f
15,1983,0.0035900000000000003,f
20,1983,0.00459,f
25,1983,0.0044800000000000005,f
30,1983,0.00402,f
35,1983,0.0034400000000000003,f
40,1983,0.00295,f
45,1983,0.00251,f
50,1983,0.00215,f
55,1983,0.00183,f
60,1983,0.0015800000000000002,f
65,1983,0.00136,f
70,1983,0.00118,f
75,1983,0.00103,f
80,1983,0.0,f
0,1984,0.00141,f
5,1984,0.0,f
10,1984,0.0,f
15,1984,0.005580000000000001,f
20,1984,0.007130000000000001,f
25,1984,0.00698,f
30,1984,0.00624,f
35,1984,0.00538,f
40,1984,0.00459,f
45,1984,0.0039000000000000003,f
50,1984,0.0033300000000000005,f
55,1984,0.00285,f
60,1984,0.0024600000000000004,f
65,1984,0.00212,f
70,1984,0.00184,f
75,1984,0.0016,f
80,1984,0.0,f
0,1985,0.00215,f
5,1985,0.0,f
10,1985,0.0,f
15,1985,0.008350000000000002,f
20,1985,0.010660000000000001,f
25,1985,0.010440000000000001,f
30,1985,0.00934,f
35,1985,0.008069999999999999,f
40,1985,0.006880000000000001,f
45,1985,0.005840000000000001,f
50,1985,0.00498,f
55,1985,0.00427,f
60,1985,0.0036700000000000005,f
65,1985,0.00317,f
70,1985,0.0027500000000000003,f
75,1985,0.00239,f
80,1985,0.0,f
0,1986,0.00322,f
5,1986,0.0,f
10,1986,0.0,f
15,1986,0.0123,f
20,1986,0.015690000000000003,f
25,1986,0.015359999999999999,f
30,1986,0.013750000000000002,f
35,1986,0.011890000000000001,f
40,1986,0.01013,f
45,1986,0.00859,f
50,1986,0.007330000000000001,f
55,1986,0.00628,f
60,1986,0.005390000000000001,f
65,1986,0.00467,f
70,1986,0.00404,f
75,1986,0.0035200000000000006,f
80,1986,0.0,f
0,1987,0.00451,f
5,1987,0.0,f
10,1987,0.0,f
15,1987,0.016630000000000002,f
20,1987,0.0212,f
25,1987,0.02074,f
30,1987,0.018600000000000002,f
35,1987,0.01609,f
40,1987,0.013680000000000001,f
45,1987,0.01161,f
50,1987,0.0099,f
55,1987,0.008490000000000001,f
60,1987,0.00727,f
65,1987,0.0063100000000000005,f
70,1987,0.00544,f
75,1987,0.00476,f
80,1987,0.0,f
0,1988,0.006010000000000001,f
5,1988,0.0,f
10,1988,0.0,f
15,1988,0.021240000000000002,f
20,1988,0.02708,f
25,1988,0.02646,f
30,1988,0.02375,f
35,1988,0.020610000000000003,f
40,1988,0.0174,f
45,1988,0.01484,f
50,1988,0.01263,f
55,1988,0.01083,f
60,1988,0.00927,f
65,1988,0.00804,f
70,1988,0.006940000000000001,f
75,1988,0.00606,f
80,1988,0.0,f
0,1989,0.007630000000000001,f
5,1989,0.0,f
10,1989,0.0,f
15,1989,0.025490000000000002,f
20,1989,0.032540000000000006,f
25,1989,0.03173,f
30,1989,0.028499999999999998,f
35,1989,0.02466,f
40,1989,0.02098,f
45,1989,0.01783,f
50,1989,0.01515,f
55,1989,0.012970000000000002,f
60,1989,0.011130000000000001,f
65,1989,0.00962,f
70,1989,0.00833,f
75,1989,0.00726,f
80,1989,0.0,f
0,1990,0.00902,f
5,1990,0.0,f
10,1990,0.0,f
15,1990,0.02793,f
20,1990,0.03571,f
25,1990,0.03474,f
30,1990,0.031219999999999998,f
35,1990,0.027010000000000003,f
40,1990,0.023030000000000002,f
45,1990,0.01955,f
50,1990,0.01659,f
55,1990,0.014190000000000001,f
60,1990,0.012180000000000002,f
65,1990,0.01051,f
70,1990,0.009120000000000001,f
75,1990,0.007940000000000001,f
80,1990,0.0,f
0,1991,0.010230000000000001,f
5,1991,0.0,f
10,1991,0.0,f
15,1991,0.0287,f
20,1991,0.036730000000000006,f
25,1991,0.03566,f
30,1991,0.032040000000000006,f
35,1991,0.027750000000000004,f
40,1991,0.02367,f
45,1991,0.02008,f
50,1991,0.01704,f
55,1991,0.014560000000000002,f
60,1991,0.012520000000000002,f
65,1991,0.01076,f
70,1991,0.009370000000000002,f
75,1991,0.00814,f
80,1991,0.0,f
0,1992,0.01112,f
5,1992,0.0,f
10,1992,0.0,f
15,1992,0.028160000000000004,f
20,1992,0.036090000000000004,f
25,1992,0.03497,f
30,1992,0.031400000000000004,f
35,1992,0.02722,f
40,1992,0.023250000000000003,f
45,1992,0.019670000000000003,f
50,1992,0.01671,f
55,1992,0.01427,f
60,1992,0.012280000000000001,f
65,1992,0.010530000000000001,f
70,1992,0.00919,f
75,1992,0.00797,f
80,1992,0.0,f
0,1993,0.01173,f
5,1993,0.0,f
10,1993,0.0,f
15,1993,0.02646,f
20,1993,0.03395,f
25,1993,0.03288,f
30,1993,0.029470000000000003,f
35,1993,0.025580000000000006,f
40,1993,0.02191,f
45,1993,0.018410000000000003,f
50,1993,0.01571,f
55,1993,0.013400000000000002,f
60,1993,0.01153,f
65,1993,0.009890000000000001,f
70,1993,0.008620000000000001,f
75,1993,0.00749,f
80,1993,0.0,f
0,1994,0.012180000000000002,f
5,1994,0.0,f
10,1994,0.0,f
15,1994,0.02501,f
20,1994,0.03211,f
25,1994,0.03111,f
30,1994,0.027800000000000005,f
35,1994,0.02416,f
40,1994,0.020640000000000002,f
45,1994,0.017480000000000002,f
50,1994,0.014860000000000002,f
55,1994,0.01266,f
60,1994,0.010870000000000001,f
65,1994,0.00934,f
70,1994,0.00812,f
75,1994,0.00708,f
80,1994,0.0,f
0,1995,0.01221,f
5,1995,0.0,f
10,1995,0.0,f
15,1995,0.02212,f
20,1995,0.028470000000000002,f
25,1995,0.02759,f
30,1995,0.0246,f
35,1995,0.021390000000000003,f
40,1995,0.01827,f
45,1995,0.01551,f
50,1995,0.01318,f
55,1995,0.011210000000000001,f
60,1995,0.00962,f
65,1995,0.00827,f
70,1995,0.007180000000000001,f
75,1995,0.006270000000000001,f
80,1995,0.0,f
0,1996,0.01212,f
5,1996,0.0,f
10,1996,0.0,f
15,1996,0.020360000000000003,f
20,1996,0.02622,f
25,1996,0.025419999999999998,f
30,1996,0.02263,f
35,1996,0.019680000000000003,f
40,1996,0.01683,f
45,1996,0.01429,f
50,1996,0.012130000000000002,f
55,1996,0.010320000000000001,f
60,1996,0.00885,f
65,1996,0.007620000000000001,f
70,1996,0.00659,f
75,1996,0.00578,f
80,1996,0.0,f
0,1997,0.011930000000000001,f
5,1997,0.0,f
10,1997,0.0,f
15,1997,0.01863,f
20,1997,0.02399,f
25,1997,0.02329,f
30,1997,0.0207,f
35,1997,0.017990000000000003,f
40,1997,0.01541,f
45,1997,0.01311,f
50,1997,0.0111,f
55,1997,0.00945,f
60,1997,0.008100000000000001,f
65,1997,0.00698,f
70,1997,0.006030000000000001,f
75,1997,0.00529,f
80,1997,0.0,f
0,1998,0.01167,f
5,1998,0.0,f
10,1998,0.0,f
15,1998,0.017410000000000002,f
20,1998,0.02244,f
25,1998,0.021820000000000003,f
30,1998,0.01939,f
35,1998,0.016819999999999998,f
40,1998,0.014430000000000002,f
45,1998,0.012310000000000001,f
50,1998,0.01035,f
55,1998,0.00885,f
60,1998,0.007580000000000001,f
65,1998,0.00653,f
70,1998,0.00564,f
75,1998,0.00494,f
80,1998,0.0,f
0,1999,0.01139,f
5,1999,0.0,f
10,1999,0.0,f
15,1999,0.01662,f
20,1999,0.021400000000000002,f
25,1999,0.02084,f
30,1999,0.018520000000000002,f
35,1999,0.01604,f
40,1999,0.01377,f
45,1999,0.011720000000000001,f
50,1999,0.009930000000000001,f
55,1999,0.00846,f
60,1999,0.00723,f
65,1999,0.00623,f
70,1999,0.005390000000000001,f
75,1999,0.004710000000000001,f
80,1999,0.0,f
0,2000,0.01103,f
5,2000,0.0,f
10,2000,0.0,f
15,2000,0.015700000000000002,f
20,2000,0.020130000000000002,f
25,2000,0.019680000000000003,f
30,2000,0.017499999999999998,f
35,2000,0.015120000000000001,f
40,2000,0.01301,f
45,2000,0.011070000000000002,f
50,2000,0.0094,f
55,2000,0.008,f
60,2000,0.00683,f
65,2000,0.00589,f
70,2000,0.005090000000000001,f
75,2000,0.00444,f
80,2000,0.0,f
0,2001,0.010680000000000002,f
5,2001,0.0,f
10,2001,0.0,f
15,2001,0.015190000000000002,f
20,2001,0.019450000000000002,f
25,2001,0.01904,f
30,2001,0.01693,f
35,2001,0.014610000000000001,f
40,2001,0.012580000000000001,f
45,2001,0.01072,f
50,2001,0.00911,f
55,2001,0.00776,f
60,2001,0.00662,f
65,2001,0.0057,f
70,2001,0.00494,f
75,2001,0.00429,f
80,2001,0.0,f
0,2002,0.01031,f
5,2002,0.0,f
10,2002,0.0,f
15,2002,0.014380000000000002,f
20,2002,0.01844,f
25,2002,0.018060000000000003,f
30,2002,0.01609,f
35,2002,0.013850000000000001,f
40,2002,0.01192,f
45,2002,0.01017,f
50,2002,0.00866,f
55,2002,0.00735,f
60,2002,0.00628,f
65,2002,0.005410000000000001,f
70,2002,0.00469,f
75,2002,0.00406,f
80,2002,0.0,f
0,2003,0.0099,f
5,2003,0.0,f
10,2003,0.0,f
15,2003,0.01379,f
20,2003,0.01765,f
25,2003,0.0173,f
30,2003,0.01543,f
35,2003,0.01328,f
40,2003,0.01141,f
45,2003,0.009760000000000001,f
50,2003,0.00834,f
55,2003,0.00702,f
60,2003,0.006030000000000001,f
65,2003,0.00519,f
70,2003,0.0045,f
75,2003,0.0039000000000000003,f
80,2003,0.0,f
0,2004,0.00884,f
5,2004,0.0,f
10,2004,0.0,f
15,2004,0.012970000000000002,f
20,2004,0.01661,f
25,2004,0.016270000000000003,f
30,2004,0.01455,f
35,2004,0.012520000000000002,f
40,2004,0.01072,f
45,2004,0.00919,f
50,2004,0.00782,f
55,2004,0.0066500000000000005,f
60,2004,0.005690000000000001,f
65,2004,0.00489,f
70,2004,0.00423,f
75,2004,0.0036700000000000005,f
80,2004,0.0,f
0,2005,0.007430000000000001,f
5,2005,0.0,f
10,2005,0.0,f
15,2005,0.012490000000000001,f
20,2005,0.01599,f
25,2005,0.015609999999999999,f
30,2005,0.01403,f
35,2005,0.01208,f
40,2005,0.010320000000000001,f
45,2005,0.00886,f
50,2005,0.00754,f
55,2005,0.00643,f
60,2005,0.0055000000000000005,f
65,2005,0.00472,f
70,2005,0.00409,f
75,2005,0.0035499999999999998,f
80,2005,0.0,f
0,2006,0.006540000000000001,f
5,2006,0.0,f
10,2006,0.0,f
15,2006,0.011790000000000002,f
20,2006,0.01507,f
25,2006,0.01473,f
30,2006,0.013260000000000001,f
35,2006,0.01142,f
40,2006,0.00973,f
45,2006,0.00836,f
50,2006,0.007130000000000001,f
55,2006,0.00607,f
60,2006,0.00519,f
65,2006,0.00446,f
70,2006,0.0038600000000000006,f
75,2006,0.0033500000000000005,f
80,2006,0.0,f
0,2007,0.00602,f
5,2007,0.0,f
10,2007,0.0,f
15,2007,0.01114,f
20,2007,0.01422,f
25,2007,0.013900000000000003,f
30,2007,0.01253,f
35,2007,0.01081,f
40,2007,0.00919,f
45,2007,0.00788,f
50,2007,0.00674,f
55,2007,0.005750000000000001,f
60,2007,0.00491,f
65,2007,0.004220000000000001,f
70,2007,0.00365,f
75,2007,0.0031800000000000005,f
80,2007,0.0,f
0,2008,0.004750000000000001,f
5,2008,0.0,f
10,2008,0.0,f
15,2008,0.010110000000000001,f
20,2008,0.01311,f
25,2008,0.012700000000000001,f
30,2008,0.011250000000000001,f
35,2008,0.009550000000000001,f
40,2008,0.00798,f
45,2008,0.00674,f
50,2008,0.0057,f
55,2008,0.004830000000000001,f
60,2008,0.004050000000000001,f
65,2008,0.0034700000000000004,f
70,2008,0.00298,f
75,2008,0.0025700000000000002,f
80,2008,0.0,f
0,2009,0.00423,f
5,2009,0.0,f
10,2009,0.0,f
15,2009,0.00997,f
20,2009,0.013170000000000001,f
25,2009,0.01263,f
30,2009,0.01097,f
35,2009,0.009170000000000001,f
40,2009,0.00754,f
45,2009,0.00624,f
50,2009,0.00521,f
55,2009,0.00435,f
60,2009,0.00363,f
65,2009,0.0030700000000000002,f
70,2009,0.0026100000000000003,f
75,2009,0.00223,f
80,2009,0.0,f
0,2010,0.004050000000000001,f
5,2010,0.0,f
10,2010,0.0,f
15,2010,0.010340000000000002,f
20,2010,0.01389,f
25,2010,0.013220000000000003,f
30,2010,0.011260000000000001,f
35,2010,0.00927,f
40,2010,0.007470000000000001,f
45,2010,0.00605,f
50,2010,0.0049700000000000005,f
55,2010,0.00408,f
60,2010,0.00337,f
65,2010,0.00281,f
70,2010,0.00236,f
75,2010,0.00199,f
80,2010,0.0,f
0,2011,0.00385,f
5,2011,0.0,f
10,2011,0.0,f
15,2011,0.0105,f
20,2011,0.01437,f
25,2011,0.013519999999999999,f
30,2011,0.01131,f
35,2011,0.00914,f
40,2011,0.007220000000000001,f
45,2011,0.00571,f
50,2011,0.0046,f
55,2011,0.00371,f
60,2011,0.00301,f
65,2011,0.0024600000000000004,f
70,2011,0.00203,f
75,2011,0.0016899999999999999,f
80,2011,0.0,f
0,2012,0.00368,f
5,2012,0.0,f
10,2012,0.0,f
15,2012,0.010860000000000002,f
20,2012,0.015120000000000001,f
25,2012,0.014060000000000001,f
30,2012,0.01157,f
35,2012,0.00915,f
40,2012,0.00707,f
45,2012,0.00544,f
50,2012,0.00428,f
55,2012,0.00337,f
60,2012,0.0026700000000000005,f
65,2012,0.00213,f
70,2012,0.0017200000000000002,f
75,2012,0.0014000000000000002,f
80,2012,0.0,f
0,2013,0.0032500000000000003,f
5,2013,0.0,f
10,2013,0.0,f
15,2013,0.01106,f
20,2013,0.015690000000000003,f
25,2013,0.014410000000000001,f
30,2013,0.01167,f
35,2013,0.00901,f
40,2013,0.0068000000000000005,f
45,2013,0.00508,f
50,2013,0.00387,f
55,2013,0.0029600000000000004,f
60,2013,0.0022700000000000003,f
65,2013,0.00174,f
70,2013,0.00136,f
75,2013,0.00107,f
80,2013,0.0,f
0,2014,0.00301,f
5,2014,0.0,f
10,2014,0.0,f
15,2014,0.010430000000000002,f
20,2014,0.015550000000000001,f
25,2014,0.014440000000000001,f
30,2014,0.01171,f
35,2014,0.00901,f
40,2014,0.006790000000000001,f
45,2014,0.005050000000000001,f
50,2014,0.0038100000000000005,f
55,2014,0.0029000000000000002,f
60,2014,0.00221,f
65,2014,0.0016899999999999999,f
70,2014,0.0013100000000000002,f
75,2014,0.00102,f
80,2014,0.0,f
0,2015,0.00324,f
5,2015,0.0,f
10,2015,0.0,f
15,2015,0.009590000000000001,f
20,2015,0.015090000000000001,f
25,2015,0.01415,f
30,2015,0.01151,f
35,2015,0.00881,f
40,2015,0.0066300000000000005,f
45,2015,0.00491,f
50,2015,0.0036700000000000005,f
55,2015,0.0027900000000000004,f
60,2015,0.0021100000000000003,f
65,2015,0.00161,f
70,2015,0.00124,f
75,2015,0.000960818,f
80,2015,0.0,f
0,2016,0.00301,f
5,2016,0.0,f
10,2016,0.0,f
15,2016,0.00897,f
20,2016,0.014929999999999999,f
25,2016,0.014180000000000002,f
30,2016,0.01153,f
35,2016,0.00881,f
40,2016,0.006610000000000001,f
45,2016,0.004880000000000001,f
50,2016,0.0036100000000000004,f
55,2016,0.00272,f
60,2016,0.00206,f
65,2016,0.00156,f
70,2016,0.00119,f
75,2016,0.0009185010000000001,f
80,2016,0.0,f
0,2017,0.00271,f
5,2017,0.0,f
10,2017,0.0,f
15,2017,0.00936,f
20,2017,0.015700000000000002,f
25,2017,0.014860000000000002,f
30,2017,0.01199,f
35,2017,0.009120000000000001,f
40,2017,0.00681,f
45,2017,0.005000000000000001,f
50,2017,0.0036700000000000005,f
55,2017,0.0027500000000000003,f
60,2017,0.0020700000000000002,f
65,2017,0.00157,f
70,2017,0.00119,f
75,2017,0.000913311,f
80,2017,0.0,f
0,2018,0.0027300000000000002,f
5,2018,0.0,f
10,2018,0.0,f
15,2018,0.008870000000000001,f
20,2018,0.015010000000000003,f
25,2018,0.014180000000000002,f
30,2018,0.01135,f
35,2018,0.0086,f
40,2018,0.006370000000000001,f
45,2018,0.00466,f
50,2018,0.0034000000000000002,f
55,2018,0.00253,f
60,2018,0.0019,f
65,2018,0.00143,f
70,2018,0.00107,f
75,2018,0.000823822,f
80,2018,0.0,f
0,2019,0.00214,f
5,2019,0.0,f
10,2019,0.0,f
15,2019,0.00742,f
20,2019,0.01209,f
25,2019,0.01128,f
30,2019,0.00897,f
35,2019,0.0068000000000000005,f
40,2019,0.005050000000000001,f
45,2019,0.0037199999999999998,f
50,2019,0.0027300000000000002,f
55,2019,0.00203,f
60,2019,0.0015400000000000001,f
65,2019,0.00116,f
70,2019,0.0008844899999999999,f
75,2019,0.000681136,f
80,2019,0.0,f
0,2020,0.0016899999999999999,f
5,2020,0.0,f
10,2020,0.0,f
15,2020,0.00576,f
20,2020,0.00906,f
25,2020,0.008350000000000002,f
30,2020,0.006600000000000001,f
35,2020,0.00502,f
40,2020,0.0037300000000000002,f
45,2020,0.00277,f
50,2020,0.00204,f
55,2020,0.00152,f
60,2020,0.00116,f
65,2020,0.0008804050000000001,f
70,2020,0.0006744250000000001,f
75,2020,0.0005213500000000001,f
80,2020,0.0,f
0,2021,0.00151,f
5,2021,0.0,f
10,2021,0.0,f
15,2021,0.00446,f
20,2021,0.0067800000000000004,f
25,2021,0.00617,f
30,2021,0.00486,f
35,2021,0.0036900000000000006,f
40,2021,0.0027500000000000003,f
45,2021,0.00205,f
50,2021,0.00152,f
55,2021,0.0011400000000000002,f
60,2021,0.0008700790000000001,f
65,2021,0.000666015,f
70,2021,0.000512503,f
75,2021,0.00039728500000000004,f
80,2021,0.0,f
0,2022,0.00139,f
5,2022,0.0,f
10,2022,0.0,f
15,2022,0.00358,f
20,2022,0.00544,f
25,2022,0.00496,f
30,2022,0.0039000000000000003,f
35,2022,0.00295,f
40,2022,0.00221,f
45,2022,0.0016500000000000002,f
50,2022,0.0012200000000000002,f
55,2022,0.000913759,f
60,2022,0.000697439,f
65,2022,0.0005349030000000001,f
70,2022,0.000412314,f
75,2022,0.000318797,f
80,2022,0.0,f
0,2023,0.00103,f
5,2023,0.0,f
10,2023,0.0,f
15,2023,0.0026,f
20,2023,0.00395,f
25,2023,0.0036,f
30,2023,0.0028400000000000005,f
35,2023,0.00214,f
40,2023,0.0016,f
45,2023,0.0012000000000000001,f
50,2023,0.000890829,f
55,2023,0.00066463,f
60,2023,0.000506164,f
65,2023,0.000389202,f
70,2023,0.00030100700000000005,f
75,2023,0.000231258,f
80,2023,0.0,f
0,2024,0.000603573,f
5,2024,0.0,f
10,2024,0.0,f
15,2024,0.0027400000000000002,f
20,2024,0.00416,f
25,2024,0.0038,f
30,2024,0.00299,f
35,2024,0.00225,f
40,2024,0.0016899999999999999,f
45,2024,0.00126,f
50,2024,0.00093983,f
55,2024,0.000701849,f
60,2024,0.000532867,f
65,2024,0.000410709,f
70,2024,0.000317134,f
75,2024,0.00024607000000000003,f
80,2024,0.0,f
0,2025,0.0006068660000000001,f
5,2025,0.0,f
10,2025,0.0,f
15,2025,0.0029300000000000003,f
20,2025,0.00446,f
25,2025,0.00406,f
30,2025,0.0032099999999999997,f
35,2025,0.0024100000000000002,f
40,2025,0.0018100000000000002,f
45,2025,0.00134,f
50,2025,0.00101,f
55,2025,0.0007532060000000001,f
60,2025,0.0005701290000000001,f
65,2025,0.000440151,f
70,2025,0.00034015900000000003,f
75,2025,0.000264908,f
80,2025,0.0,f
0,2026,0.000575885,f
5,2026,0.0,f
10,2026,0.0,f
15,2026,0.00281,f
20,2026,0.00428,f
25,2026,0.0039000000000000003,f
30,2026,0.0030800000000000003,f
35,2026,0.00231,f
40,2026,0.00173,f
45,2026,0.0012900000000000001,f
50,2026,0.0009679490000000001,f
55,2026,0.0007238510000000001,f
60,2026,0.000546596,f
65,2026,0.00042202600000000004,f
70,2026,0.00032668100000000005,f
75,2026,0.000254484,f
80,2026,0.0,f
0,2027,0.0005380620000000001,f
5,2027,0.0,f
10,2027,0.0,f
15,2027,0.0026200000000000004,f
20,2027,0.00398,f
25,2027,0.00363,f
30,2027,0.00287,f
35,2027,0.00215,f
40,2027,0.00161,f
45,2027,0.0012000000000000001,f
50,2027,0.000901393,f
55,2027,0.000675276,f
60,2027,0.000508902,f
65,2027,0.00039245100000000004,f
70,2027,0.000304327,f
75,2027,0.000237425,f
80,2027,0.0,f
0,2028,0.000500792,f
5,2028,0.0,f
10,2028,0.0,f
15,2028,0.0024500000000000004,f
20,2028,0.0037300000000000002,f
25,2028,0.0034000000000000002,f
30,2028,0.00269,f
35,2028,0.00202,f
40,2028,0.00151,f
45,2028,0.0011200000000000001,f
50,2028,0.0008443350000000001,f
55,2028,0.000633986,f
60,2028,0.00047758400000000003,f
65,2028,0.00036733,f
70,2028,0.000285411,f
75,2028,0.000223174,f
80,2028,0.0,f
0,2029,0.00045693000000000003,f
5,2029,0.0,f
10,2029,0.0,f
15,2029,0.00221,f
20,2029,0.00336,f
25,2029,0.0030700000000000002,f
30,2029,0.00243,f
35,2029,0.00183,f
40,2029,0.00136,f
45,2029,0.00101,f
50,2029,0.000760338,f
55,2029,0.000572314,f
60,2029,0.000431435,f
65,2029,0.000330693,f
70,2029,0.000257426,f
75,2029,0.00020087000000000002,f
80,2029,0.0,f
0,2030,0.00042764800000000004,f
5,2030,0.0,f
10,2030,0.0,f
15,2030,0.00208,f
20,2030,0.00315,f
25,2030,0.00289,f
30,2030,0.0022800000000000003,f
35,2030,0.0017200000000000002,f
40,2030,0.00127,f
45,2030,0.000953718,f
50,2030,0.00071319,f
55,2030,0.000539262,f
60,2030,0.000406668,f
65,2030,0.000310669,f
70,2030,0.00024213700000000002,f
75,2030,0.000188994,f
80,2030,0.0,f
