age,1970,1971,1972,1973,1974,1975,1976,1977,1978,1979,1980,1981,1982,1983,1984,1985,1986,1987,1988,1989,1990,1991,1992,1993,1994,1995,1996,1997,1998,1999,2000,2001,2002,2003,2004,2005,2006,2007,2008,2009,2010,2011,2012,2013,2014,2015,2016,2017,2018,2019,2020,2021,2022,2023,2024,2025,2026,2027,2028,2029,2030
0,0,0,0,0,0,0,2.6e-06,3.2e-06,6e-06,1.09e-05,1.97e-05,3.46e-05,5.92e-05,9.88e-05,0.0001589,0.00024220000000000003,0.0003533,0.0004891,0.0006318000000000001,0.0007741,0.0009104,0.0010209,0.0011057,0.0011724,0.0012143,0.0012406000000000001,0.0012522000000000002,0.0012552000000000002,0.0012402000000000001,0.0012164,0.0011908,0.0011695000000000002,0.0011436999999999999,0.0011096,0.0009941000000000001,0.0008540000000000002,0.0007708,0.000784,0.0006607000000000001,0.0005743,0.0005415,0.0004537,0.00046530000000000003,0.0004167,0.0003938,0.00043000000000000004,0.00038310000000000004,0.00027100000000000003,0.000295,0.0001893,0.00016700000000000002,0.0001581,0.0001417,0.00012979999999999998,0.0001221,0.00011789999999999999,0.0001145,0.000112,0.00010970000000000001,0.00010770000000000002,0.0001058
1,0,0,0,0,0,0,0.0,2.0000000000000003e-06,2.4000000000000003e-06,4.6e-06,8.4e-06,1.5300000000000003e-05,2.67e-05,4.58e-05,7.640000000000001e-05,0.0001228,0.000187,0.0002728,0.0003773,0.00048650000000000006,0.0005946,0.0006974,0.0007795,0.0008411,0.0008889,0.0009172,0.0009334,0.0009394,0.0009395000000000001,0.0009263000000000001,0.0009069000000000001,0.0008859000000000001,0.0008679,0.0008457,0.0008179000000000001,0.0007405000000000001,0.0006141,0.0005313000000000001,0.0004449,0.00030240000000000003,0.0002501,0.00021080000000000003,0.0002646,0.00019130000000000001,0.0001237,6.42e-05,4.74e-05,3.7800000000000004e-05,0.0001509,8.790000000000001e-05,0.00015470000000000002,7.92e-05,7.08e-05,6.570000000000001e-05,4.970000000000001e-05,5.5599999999999996e-05,5.500000000000001e-05,5.330000000000001e-05,5.0400000000000005e-05,4.8100000000000004e-05,4.6200000000000005e-05
2,0,0,0,0,0,0,0.0,0.0,1.6e-06,1.8000000000000001e-06,3.5e-06,6.300000000000001e-06,1.1500000000000002e-05,2.01e-05,3.43e-05,5.730000000000001e-05,9.190000000000001e-05,0.0001398,0.00020360000000000002,0.0002811,0.0003614,0.00044019999999999997,0.0005146,0.0005729,0.0006157000000000001,0.0006485000000000001,0.0006667000000000001,0.0006763,0.0006793000000000001,0.000678,0.0006676,0.0006529000000000001,0.0006373,0.0006232,0.0006067000000000001,0.0005963000000000001,0.0005265,0.00042350000000000005,0.0003665,0.0002706,0.0001898,0.0001317,0.000125,0.00014900000000000002,9.290000000000001e-05,5.3700000000000004e-05,2.83e-05,2.1000000000000002e-05,1.9600000000000002e-05,7.17e-05,6.64e-05,9.09e-05,4.61e-05,4.1800000000000006e-05,3.54e-05,2.92e-05,3.29e-05,3.25e-05,3.1100000000000004e-05,2.9100000000000003e-05,2.76e-05
3,0,0,0,0,0,0,0.0,0.0,0.0,3.0000000000000004e-07,3.0000000000000004e-07,7.000000000000001e-07,1.2000000000000002e-06,2.2e-06,3.8000000000000005e-06,6.4e-06,1.08e-05,1.73e-05,2.6300000000000002e-05,3.83e-05,5.3e-05,6.83e-05,8.340000000000001e-05,9.779999999999999e-05,0.00010920000000000001,0.0001176,0.000124,0.0001277,0.0001296,0.0001302,0.00013,0.0001279,0.0001251,0.000122,0.0001192,0.0001204,0.0001174,0.0001014,8.300000000000001e-05,6.9e-05,5.4900000000000006e-05,4.0900000000000005e-05,3.03e-05,2.96e-05,3.09e-05,2.17e-05,1.5100000000000001e-05,1.08e-05,1.08e-05,9.9e-06,1.7000000000000003e-05,1.59e-05,1.6100000000000002e-05,1.03e-05,9e-06,8.000000000000001e-06,7.100000000000001e-06,7.4e-06,7.2000000000000005e-06,6.9e-06,6.5e-06
4,0,0,0,0,0,0,0.0,0.0,0.0,0.0,3.0000000000000004e-07,3.0000000000000004e-07,6.000000000000001e-07,1.1e-06,2.1e-06,3.6000000000000003e-06,6.200000000000001e-06,1.04e-05,1.67e-05,2.54e-05,3.7000000000000005e-05,5.12e-05,6.6e-05,8.060000000000001e-05,9.45e-05,0.00010560000000000002,0.0001138,0.00011999999999999999,0.0001236,0.00012539999999999999,0.000126,0.0001258,0.0001238,0.000121,0.00011800000000000001,0.00012140000000000001,0.00011950000000000002,0.0001086,9.210000000000002e-05,7.21e-05,6.15e-05,4.9500000000000004e-05,3.9e-05,2.98e-05,2.8600000000000004e-05,2.83e-05,2.08e-05,1.47e-05,1.16e-05,1.0700000000000001e-05,1.02e-05,1.65e-05,1.49e-05,1.4400000000000001e-05,9.4e-06,8.3e-06,7.499999999999999e-06,6.7e-06,6.9e-06,6.7e-06,6.300000000000001e-06
5,0,0,0,0,0,0,0.0,0.0,0.0,0.0,0.0,2e-07,2e-07,4e-07,8e-07,1.4000000000000001e-06,2.4000000000000003e-06,4.1000000000000006e-06,6.9e-06,1.1000000000000001e-05,1.66e-05,2.4100000000000003e-05,3.3100000000000005e-05,4.22e-05,5.1099999999999995e-05,5.9300000000000005e-05,6.54e-05,6.98e-05,7.290000000000001e-05,7.43e-05,7.48e-05,7.470000000000001e-05,7.420000000000001e-05,7.27e-05,7.08e-05,7.05e-05,6.91e-05,6.41e-05,5.7100000000000006e-05,4.57e-05,3.79e-05,3.35e-05,2.9300000000000004e-05,2.43e-05,1.93e-05,1.8200000000000002e-05,1.73e-05,1.34e-05,1.11e-05,8.9e-06,9.7e-06,9.4e-06,1.0500000000000001e-05,1e-05,8.6e-06,6.300000000000001e-06,5.7000000000000005e-06,5.1e-06,4.7e-06,4.7e-06,4.5e-06
6,0,0,0,0,0,0,0.0,0.0,0.0,0.0,0.0,0.0,2e-07,2e-07,4e-07,8e-07,1.4000000000000001e-06,2.4000000000000003e-06,4.1000000000000006e-06,6.9e-06,1.1000000000000001e-05,1.67e-05,2.4200000000000002e-05,3.32e-05,4.25e-05,5.14e-05,5.97e-05,6.59e-05,7.020000000000001e-05,7.34e-05,7.48e-05,7.53e-05,7.52e-05,7.460000000000001e-05,7.31e-05,7.32e-05,7.240000000000001e-05,6.7e-05,6.110000000000001e-05,5.2e-05,4.3700000000000005e-05,3.59e-05,3.29e-05,2.94e-05,2.44e-05,1.9e-05,1.8500000000000002e-05,1.7000000000000003e-05,1.46e-05,1.11e-05,9.9e-06,1.0500000000000001e-05,9.800000000000001e-06,1.06e-05,1e-05,8.4e-06,6.300000000000001e-06,5.7000000000000005e-06,5.2e-06,4.800000000000001e-06,4.7e-06
7,0,0,0,0,0,0,0.0,0.0,0.0,0.0,0.0,0.0,0.0,2e-07,2e-07,4e-07,8e-07,1.4000000000000001e-06,2.4000000000000003e-06,4.1000000000000006e-06,6.9e-06,1.1000000000000001e-05,1.67e-05,2.43e-05,3.33e-05,4.2600000000000005e-05,5.1500000000000005e-05,5.9800000000000003e-05,6.6e-05,7.04e-05,7.36e-05,7.500000000000001e-05,7.55e-05,7.54e-05,7.49e-05,7.54e-05,7.450000000000001e-05,7.12e-05,6.560000000000001e-05,5.69e-05,5.13e-05,4.24e-05,3.5799999999999996e-05,3.33e-05,2.98e-05,2.4100000000000003e-05,1.94e-05,1.83e-05,1.84e-05,1.4e-05,1.2100000000000001e-05,1.0500000000000001e-05,1.1000000000000001e-05,1.03e-05,1.04e-05,1e-05,8.200000000000001e-06,6.4e-06,5.8e-06,5.2e-06,4.800000000000001e-06
8,0,0,0,0,0,0,0.0,0.0,0.0,0.0,0.0,0.0,0.0,0.0,2e-07,2e-07,4e-07,8e-07,1.4000000000000001e-06,2.4000000000000003e-06,4.1000000000000006e-06,6.9e-06,1.1000000000000001e-05,1.67e-05,2.4200000000000002e-05,3.33e-05,4.25e-05,5.1500000000000005e-05,5.9800000000000003e-05,6.6e-05,7.03e-05,7.35e-05,7.500000000000001e-05,7.55e-05,7.54e-05,7.71e-05,7.690000000000001e-05,7.36e-05,6.93e-05,6.080000000000001e-05,5.5900000000000004e-05,4.9e-05,4.19e-05,3.59e-05,3.32e-05,2.8899999999999998e-05,2.43e-05,1.9e-05,1.97e-05,1.68e-05,1.4999999999999999e-05,1.2600000000000001e-05,1.08e-05,1.1400000000000001e-05,1.04e-05,1.02e-05,1e-05,8.000000000000001e-06,6.4e-06,5.7000000000000005e-06,5.1e-06
9,0,0,0,0,0,0,0.0,0.0,0.0,0.0,0.0,0.0,0.0,0.0,0.0,2e-07,2e-07,4e-07,8e-07,1.4000000000000001e-06,2.4000000000000003e-06,4.1000000000000006e-06,6.9e-06,1.1000000000000001e-05,1.66e-05,2.4100000000000003e-05,3.3100000000000005e-05,4.23e-05,5.12e-05,5.950000000000001e-05,6.570000000000001e-05,7.000000000000001e-05,7.32e-05,7.470000000000001e-05,7.52e-05,7.76e-05,7.840000000000001e-05,7.53e-05,7.110000000000001e-05,6.400000000000001e-05,5.97e-05,5.29e-05,4.8e-05,4.1800000000000006e-05,3.6e-05,3.21e-05,2.9100000000000003e-05,2.34e-05,2.06e-05,1.8e-05,1.77e-05,1.55e-05,1.27e-05,1.1200000000000001e-05,1.1500000000000002e-05,1.06e-05,1.0100000000000002e-05,1e-05,7.8e-06,6.300000000000001e-06,5.7000000000000005e-06
10,0,0,0,0,0,0,0.0,0.0,0.0,0.0,0.0,0.0,0.0,0.0,0.0,0.0,2e-07,2e-07,4e-07,8e-07,1.4000000000000001e-06,2.4000000000000003e-06,4.1000000000000006e-06,6.8e-06,1.09e-05,1.65e-05,2.39e-05,3.2800000000000004e-05,4.2000000000000004e-05,5.08e-05,5.9000000000000004e-05,6.52e-05,6.95e-05,7.27e-05,7.420000000000001e-05,7.72e-05,7.910000000000001e-05,7.670000000000001e-05,7.27e-05,6.54e-05,6.28e-05,5.6200000000000004e-05,5.17e-05,4.77e-05,4.1400000000000003e-05,3.44e-05,3.16e-05,2.7700000000000002e-05,2.4800000000000003e-05,1.8900000000000002e-05,1.9200000000000003e-05,1.78e-05,1.55e-05,1.3100000000000002e-05,1.1400000000000001e-05,1.2e-05,1.11e-05,1.0100000000000002e-05,1.0100000000000002e-05,7.600000000000001e-06,6.300000000000001e-06
11,0,0,0,0,0,0,0.0,0.0,0.0,0.0,0.0,0.0,0.0,0.0,0.0,0.0,0.0,2e-07,2e-07,4e-07,7.000000000000001e-07,1.4000000000000001e-06,2.4000000000000003e-06,4.000000000000001e-06,6.7e-06,1.0700000000000001e-05,1.63e-05,2.36e-05,3.24e-05,4.1500000000000006e-05,5.02e-05,5.83e-05,6.440000000000001e-05,6.87e-05,7.18e-05,7.690000000000001e-05,7.850000000000001e-05,7.680000000000001e-05,7.37e-05,6.65e-05,6.38e-05,5.7799999999999995e-05,5.410000000000001e-05,5.060000000000001e-05,4.6700000000000003e-05,3.96e-05,3.41e-05,2.9999999999999997e-05,2.8899999999999998e-05,2.2800000000000002e-05,1.95e-05,1.95e-05,1.7500000000000002e-05,1.55e-05,1.3100000000000002e-05,1.1500000000000002e-05,1.22e-05,1.13e-05,1.0100000000000002e-05,1e-05,7.499999999999999e-06
12,0,0,0,0,0,0,0.0,0.0,0.0,0.0,0.0,0.0,0.0,0.0,0.0,0.0,0.0,0.0,2e-07,2e-07,4e-07,7.000000000000001e-07,1.3e-06,2.3e-06,4.000000000000001e-06,6.600000000000001e-06,1.06e-05,1.6000000000000003e-05,2.32e-05,3.19e-05,4.08e-05,4.94e-05,5.74e-05,6.340000000000001e-05,6.77e-05,7.470000000000001e-05,7.74e-05,7.58e-05,7.32e-05,6.67e-05,6.45e-05,5.87e-05,5.5400000000000005e-05,5.2600000000000005e-05,4.94e-05,4.4800000000000005e-05,3.88e-05,3.2200000000000003e-05,3.1100000000000004e-05,2.65e-05,2.36e-05,1.9900000000000003e-05,1.93e-05,1.74e-05,1.54e-05,1.3200000000000002e-05,1.18e-05,1.25e-05,1.1500000000000002e-05,1.0100000000000002e-05,1.0100000000000002e-05
13,0,0,0,0,0,0,0.0,0.0,0.0,0.0,0.0,0.0,0.0,0.0,0.0,0.0,0.0,0.0,0.0,2e-07,2e-07,4e-07,7.000000000000001e-07,1.3e-06,2.3e-06,3.9e-06,6.5e-06,1.04e-05,1.57e-05,2.2800000000000002e-05,3.13e-05,4e-05,4.8500000000000007e-05,5.6300000000000006e-05,6.220000000000001e-05,6.99e-05,7.52e-05,7.460000000000001e-05,7.240000000000001e-05,6.570000000000001e-05,6.45e-05,5.87e-05,5.5900000000000004e-05,5.3700000000000004e-05,5.1099999999999995e-05,4.6700000000000003e-05,4.3100000000000004e-05,3.6200000000000006e-05,3.33e-05,2.83e-05,2.7300000000000003e-05,2.37e-05,1.97e-05,1.9200000000000003e-05,1.7000000000000003e-05,1.54e-05,1.34e-05,1.2100000000000001e-05,1.28e-05,1.17e-05,1e-05
14,0,0,0,0,0,0,0.0,0.0,0.0,0.0,0.0,0.0,0.0,0.0,0.0,0.0,0.0,0.0,0.0,0.0,2e-07,2e-07,4e-07,7.000000000000001e-07,1.3e-06,2.2e-06,3.8000000000000005e-06,6.300000000000001e-06,1.0100000000000002e-05,1.5300000000000003e-05,2.22e-05,3.05e-05,3.91e-05,4.7300000000000005e-05,5.500000000000001e-05,6.37e-05,6.99e-05,7.110000000000001e-05,7.000000000000001e-05,6.440000000000001e-05,6.269999999999999e-05,5.8e-05,5.57e-05,5.45e-05,5.1500000000000005e-05,4.78e-05,4.490000000000001e-05,3.91e-05,3.69e-05,2.9999999999999997e-05,2.8899999999999998e-05,2.7099999999999998e-05,2.29e-05,1.95e-05,1.8500000000000002e-05,1.66e-05,1.54e-05,1.3500000000000001e-05,1.22e-05,1.29e-05,1.18e-05
15,0,0,0,0,0,0,0.0,0.0,0.0,0.0,0.0,1e-07,1e-07,1e-07,2e-07,3.0000000000000004e-07,4e-07,5.000000000000001e-07,5.000000000000001e-07,6.000000000000001e-07,7.000000000000001e-07,1.0000000000000002e-06,1.0000000000000002e-06,1.3e-06,1.9000000000000002e-06,2.9e-06,4.6e-06,7.499999999999999e-06,1.2100000000000001e-05,1.9e-05,2.8600000000000004e-05,4.13e-05,5.66e-05,6.68e-05,8.090000000000001e-05,9.09e-05,8.750000000000001e-05,6.66e-05,5.88e-05,5.190000000000001e-05,5.050000000000001e-05,4.68e-05,4.6500000000000005e-05,4.5e-05,4.43e-05,3.820000000000001e-05,3.59e-05,3.3100000000000005e-05,3.13e-05,2.96e-05,2.8600000000000004e-05,2.5200000000000003e-05,2.61e-05,2.17e-05,1.95e-05,1.93e-05,1.76e-05,1.6400000000000002e-05,1.45e-05,1.3500000000000001e-05,1.46e-05
16,0,0,0,0,0,0,0.0,0.0,0.0,1e-07,1e-07,2e-07,3.0000000000000004e-07,5.000000000000001e-07,7.000000000000001e-07,1.1e-06,1.5e-06,1.9000000000000002e-06,2.4000000000000003e-06,2.8000000000000003e-06,3e-06,3.2e-06,3.4e-06,3.3000000000000006e-06,3.4e-06,3.6000000000000003e-06,4.2e-06,5.3e-06,7.3e-06,1.0500000000000001e-05,1.54e-05,2.22e-05,3.13e-05,3.9300000000000007e-05,4.5100000000000005e-05,5.2600000000000005e-05,5.7e-05,5.050000000000001e-05,4.1e-05,4.0600000000000004e-05,3.85e-05,3.85e-05,3.6e-05,3.5300000000000004e-05,3.3900000000000004e-05,3.76e-05,3.27e-05,2.92e-05,3.16e-05,2.96e-05,2.8e-05,2.25e-05,2.39e-05,2.04e-05,1.8100000000000003e-05,1.7100000000000002e-05,1.68e-05,1.5300000000000003e-05,1.48e-05,1.34e-05,1.2600000000000001e-05
17,0,0,0,0,0,0,0.0,1e-07,1e-07,2e-07,3.0000000000000004e-07,4e-07,7.000000000000001e-07,1.0000000000000002e-06,1.6e-06,2.3e-06,3.3000000000000006e-06,4.4e-06,5.600000000000001e-06,6.7e-06,7.499999999999999e-06,8.000000000000001e-06,8.200000000000001e-06,8.3e-06,8.000000000000001e-06,7.7e-06,7.600000000000001e-06,7.7e-06,8.4e-06,9.800000000000001e-06,1.22e-05,1.6000000000000003e-05,2.1400000000000002e-05,2.68e-05,3.23e-05,3.710000000000001e-05,4.1500000000000006e-05,4.08e-05,3.66e-05,3.55e-05,3.5799999999999996e-05,3.57e-05,3.5100000000000006e-05,3.35e-05,3.14e-05,3.5300000000000004e-05,3.4699999999999996e-05,2.98e-05,3.19e-05,3.23e-05,3.12e-05,2.54e-05,2.4100000000000003e-05,2.1000000000000002e-05,1.9100000000000003e-05,1.78e-05,1.69e-05,1.65e-05,1.4999999999999999e-05,1.48e-05,1.3500000000000001e-05
18,0,0,0,0,0,0,0.0,1e-07,2e-07,3.0000000000000004e-07,5.000000000000001e-07,7.000000000000001e-07,1.2000000000000002e-06,1.8000000000000001e-06,2.8000000000000003e-06,4.1000000000000006e-06,5.9e-06,8.1e-06,1.0500000000000001e-05,1.29e-05,1.49e-05,1.63e-05,1.7000000000000003e-05,1.7100000000000002e-05,1.68e-05,1.6000000000000003e-05,1.5200000000000002e-05,1.46e-05,1.4300000000000002e-05,1.45e-05,1.5300000000000003e-05,1.7100000000000002e-05,2.0200000000000003e-05,2.3500000000000002e-05,2.7400000000000002e-05,3.1700000000000005e-05,3.56e-05,3.59e-05,3.41e-05,3.46e-05,3.5100000000000006e-05,3.63e-05,3.59e-05,3.54e-05,3.23e-05,3.57e-05,3.7000000000000005e-05,3.29e-05,3.43e-05,3.55e-05,3.5000000000000004e-05,2.9500000000000002e-05,2.8100000000000002e-05,2.3100000000000002e-05,2.05e-05,1.9900000000000003e-05,1.8500000000000002e-05,1.76e-05,1.7100000000000002e-05,1.56e-05,1.54e-05
19,0,0,0,0,0,0,1e-07,2e-07,3.0000000000000004e-07,5.000000000000001e-07,8e-07,1.2000000000000002e-06,1.9000000000000002e-06,2.9e-06,4.5e-06,6.7e-06,9.600000000000001e-06,1.3300000000000001e-05,1.7500000000000002e-05,2.18e-05,2.57e-05,2.8899999999999998e-05,3.08e-05,3.15e-05,3.12e-05,3.0200000000000002e-05,2.8600000000000004e-05,2.7000000000000002e-05,2.57e-05,2.47e-05,2.4200000000000002e-05,2.44e-05,2.57e-05,2.69e-05,2.8899999999999998e-05,3.1700000000000005e-05,3.49e-05,3.52e-05,3.37e-05,3.5000000000000004e-05,3.63e-05,3.79e-05,3.83e-05,3.8e-05,3.54e-05,3.83e-05,4e-05,3.67e-05,3.8900000000000004e-05,3.97e-05,3.9800000000000005e-05,3.34e-05,3.32e-05,2.7400000000000002e-05,2.32e-05,2.16e-05,2.11e-05,1.97e-05,1.87e-05,1.8200000000000002e-05,1.67e-05
20,0,0,0,0,0,0,1e-07,2e-07,4e-07,7.000000000000001e-07,1.1e-06,1.8000000000000001e-06,2.7e-06,4.3e-06,6.7e-06,1e-05,1.45e-05,2.0200000000000003e-05,2.69e-05,3.3900000000000004e-05,4.0600000000000004e-05,4.64e-05,5.050000000000001e-05,5.2600000000000005e-05,5.29e-05,5.1800000000000005e-05,4.9600000000000006e-05,4.68e-05,4.43e-05,4.1800000000000006e-05,3.99e-05,3.85e-05,3.8100000000000005e-05,3.69e-05,3.67e-05,3.7300000000000005e-05,3.87e-05,3.79e-05,3.61e-05,3.7300000000000005e-05,3.8900000000000004e-05,4.0900000000000005e-05,4.1800000000000006e-05,4.22e-05,3.9300000000000007e-05,4.33e-05,4.46e-05,4.1e-05,4.46e-05,4.57e-05,4.55e-05,3.8400000000000005e-05,3.820000000000001e-05,3.26e-05,2.7700000000000002e-05,2.46e-05,2.33e-05,2.2800000000000002e-05,2.1400000000000002e-05,2.04e-05,1.9900000000000003e-05
21,0,0,0,0,0,0,1e-07,3.0000000000000004e-07,6.000000000000001e-07,1.0000000000000002e-06,1.6e-06,2.5e-06,3.9e-06,6e-06,9.3e-06,1.4e-05,2.0300000000000002e-05,2.8600000000000004e-05,3.8400000000000005e-05,4.91e-05,5.96e-05,6.91e-05,7.65e-05,8.120000000000001e-05,8.310000000000001e-05,8.24e-05,7.98e-05,7.6e-05,7.19e-05,6.77e-05,6.390000000000001e-05,6.06e-05,5.84e-05,5.43e-05,5.13e-05,4.93e-05,4.8200000000000006e-05,4.4800000000000005e-05,4.1400000000000003e-05,4.25e-05,4.3700000000000005e-05,4.5600000000000004e-05,4.64e-05,4.7600000000000005e-05,4.4800000000000005e-05,4.94e-05,5.17e-05,4.69e-05,5.13e-05,5.35e-05,5.3200000000000006e-05,4.43e-05,4.43e-05,3.76e-05,3.3100000000000005e-05,2.9500000000000002e-05,2.67e-05,2.5500000000000003e-05,2.5e-05,2.3500000000000002e-05,2.26e-05
22,0,0,0,0,0,0,1e-07,4e-07,7.000000000000001e-07,1.2000000000000002e-06,2.0000000000000003e-06,3.2e-06,5.1e-06,8.000000000000001e-06,1.22e-05,1.84e-05,2.69e-05,3.8100000000000005e-05,5.17e-05,6.67e-05,8.21e-05,9.650000000000001e-05,0.0001086,0.00011720000000000002,0.00012190000000000001,0.0001228,0.0001204,0.00011570000000000001,0.00011030000000000001,0.0001039,9.8e-05,9.22e-05,8.790000000000001e-05,8.03e-05,7.38e-05,6.840000000000001e-05,6.43e-05,5.7100000000000006e-05,5.07e-05,5.060000000000001e-05,5.14e-05,5.270000000000001e-05,5.29e-05,5.4199999999999996e-05,5.17e-05,5.75e-05,6.02e-05,5.500000000000001e-05,5.9800000000000003e-05,6.269999999999999e-05,6.31e-05,5.190000000000001e-05,5.17e-05,4.380000000000001e-05,3.83e-05,3.5300000000000004e-05,3.2000000000000005e-05,2.9300000000000004e-05,2.8200000000000004e-05,2.7700000000000002e-05,2.6300000000000002e-05
23,0,0,0,0,0,0,1e-07,4e-07,8e-07,1.5e-06,2.5e-06,4.000000000000001e-06,6.200000000000001e-06,9.800000000000001e-06,1.5200000000000002e-05,2.29e-05,3.38e-05,4.8100000000000004e-05,6.570000000000001e-05,8.580000000000001e-05,0.00010690000000000001,0.0001274,0.00014549999999999999,0.00015950000000000003,0.0001686,0.00017260000000000002,0.00017160000000000002,0.0001669,0.0001602,0.000152,0.00014330000000000001,0.0001348,0.00012780000000000002,0.00011559999999999999,0.00010480000000000001,9.54e-05,8.740000000000001e-05,7.53e-05,6.47e-05,6.26e-05,6.23e-05,6.29e-05,6.2e-05,6.29e-05,5.9999999999999995e-05,6.73e-05,7.08e-05,6.47e-05,7.060000000000001e-05,7.38e-05,7.460000000000001e-05,6.16e-05,6.080000000000001e-05,5.1099999999999995e-05,4.45e-05,4.1e-05,3.83e-05,3.5100000000000006e-05,3.25e-05,3.14e-05,3.09e-05
24,0,0,0,0,0,0,1e-07,4e-07,9.000000000000001e-07,1.7e-06,2.9e-06,4.6e-06,7.4e-06,1.16e-05,1.8e-05,2.7400000000000002e-05,4.0300000000000004e-05,5.7799999999999995e-05,7.97e-05,0.00010510000000000001,0.0001325,0.00016,0.0001853,0.00020630000000000003,0.00022150000000000002,0.00023030000000000001,0.00023249999999999999,0.000229,0.0002221,0.0002121,0.0002009,0.000189,0.00017920000000000002,0.00016120000000000002,0.000145,0.0001305,0.00011789999999999999,9.970000000000001e-05,8.38e-05,7.910000000000001e-05,7.7e-05,7.61e-05,7.400000000000001e-05,7.390000000000001e-05,7.020000000000001e-05,7.850000000000001e-05,8.310000000000001e-05,7.620000000000001e-05,8.300000000000001e-05,8.69e-05,8.77e-05,7.27e-05,7.2e-05,5.9999999999999995e-05,5.190000000000001e-05,4.75e-05,4.43e-05,4.1800000000000006e-05,3.87e-05,3.6200000000000006e-05,3.5100000000000006e-05
25,0,0,0,0,0,0,2e-07,6.000000000000001e-07,1.4000000000000001e-06,2.5e-06,4.3e-06,7.100000000000001e-06,1.13e-05,1.78e-05,2.7700000000000002e-05,4.21e-05,6.24e-05,8.960000000000001e-05,0.000124,0.00016470000000000002,0.00020950000000000002,0.0002557,0.0002998,0.00033810000000000003,0.0003681,0.0003882,0.0003973,0.0003965,0.0003889,0.00037450000000000005,0.0003568,0.0003369,0.0003195,0.0002841,0.0002515,0.00022200000000000003,0.00019610000000000002,0.00015560000000000001,0.0001237,0.00011100000000000001,0.00010410000000000001,9.779999999999999e-05,8.86e-05,8.340000000000001e-05,7.960000000000001e-05,8.7e-05,8.78e-05,8.070000000000001e-05,8.66e-05,8.61e-05,8.27e-05,6.45e-05,6.390000000000001e-05,5.13e-05,4.36e-05,4.0300000000000004e-05,3.8e-05,3.6200000000000006e-05,3.4699999999999996e-05,3.2800000000000004e-05,3.12e-05
26,0,0,0,0,0,0,2e-07,7.000000000000001e-07,1.5e-06,2.8000000000000003e-06,4.800000000000001e-06,7.9e-06,1.27e-05,2.0200000000000003e-05,3.14e-05,4.78e-05,7.08e-05,0.00010219999999999999,0.0001417,0.000189,0.00024190000000000003,0.0002975,0.00035190000000000004,0.000401,0.0004416,0.0004714000000000001,0.0004884,0.0004933,0.0004894,0.0004756,0.00045630000000000003,0.00043290000000000006,0.00041180000000000003,0.0003662,0.000325,0.00028670000000000003,0.0002527,0.00020010000000000004,0.00015950000000000003,0.0001421,0.0001323,0.0001227,0.00010980000000000001,0.0001021,9.740000000000001e-05,0.000105,0.00010460000000000001,9.690000000000001e-05,0.0001032,0.0001019,9.740000000000001e-05,7.620000000000001e-05,7.53e-05,6.0700000000000005e-05,5.1800000000000005e-05,4.74e-05,4.45e-05,4.22e-05,4.0400000000000006e-05,3.8900000000000004e-05,3.7000000000000005e-05
27,0,0,0,0,0,0,2e-07,8e-07,1.6e-06,3e-06,5.2e-06,8.6e-06,1.4e-05,2.23e-05,3.48e-05,5.3e-05,7.88e-05,0.000114,0.00015900000000000002,0.00021310000000000003,0.0002744,0.00034,0.0004058,0.0004672,0.0005202000000000001,0.0005619,0.0005893000000000001,0.0006022,0.0006043,0.0005933000000000001,0.0005739,0.0005477,0.0005232,0.0004659,0.0004131,0.0003643,0.00032050000000000004,0.0002527,0.00020030000000000002,0.0001778,0.0001646,0.0001518,0.0001344,0.0001232,0.0001173,0.00012550000000000001,0.000123,0.0001143,0.000121,0.0001187,0.00011310000000000001,8.88e-05,8.77e-05,7.1e-05,6.0899999999999996e-05,5.58e-05,5.190000000000001e-05,4.8899999999999996e-05,4.66e-05,4.4800000000000005e-05,4.32e-05
28,0,0,0,0,0,0,2e-07,8e-07,1.7e-06,3.2e-06,5.500000000000001e-06,9.2e-06,1.49e-05,2.39e-05,3.7500000000000003e-05,5.74e-05,8.55e-05,0.0001241,0.00017390000000000003,0.0002345,0.0003038,0.0003793,0.0004566,0.0005309000000000001,0.0005975,0.0006527,0.0006927000000000001,0.0007163,0.0007269,0.0007213,0.0007041,0.0006768,0.0006499,0.00058,0.0005144,0.0004528,0.00039769999999999996,0.0003124,0.0002462,0.00021690000000000001,0.0002002,0.00018400000000000003,0.0001622,0.0001468,0.0001387,0.0001476,0.0001434,0.0001328,0.0001397,0.0001361,0.0001295,0.0001023,0.0001009,8.21e-05,7.07e-05,6.5e-05,6.03e-05,5.6300000000000006e-05,5.330000000000001e-05,5.0900000000000004e-05,4.9e-05
29,0,0,0,0,0,0,2e-07,8e-07,1.7e-06,3.3000000000000006e-06,5.7000000000000005e-06,9.600000000000001e-06,1.56e-05,2.51e-05,3.9500000000000005e-05,6.0700000000000005e-05,9.070000000000001e-05,0.00013209999999999999,0.00018580000000000002,0.0002518,0.0003284,0.0004129,0.0005011,0.000588,0.0006684,0.0007382,0.0007923,0.0008289,0.0008508000000000001,0.0008532,0.0008410000000000002,0.0008151,0.0007877000000000001,0.0007055,0.0006263000000000001,0.0005509,0.00048269999999999997,0.0003779,0.0002963,0.0002593,0.00023800000000000004,0.0002186,0.0001922,0.00017260000000000002,0.0001617,0.0001709,0.00016490000000000002,0.0001527,0.0001594,0.0001543,0.0001463,0.00011640000000000001,0.00011470000000000001,9.410000000000001e-05,8.130000000000001e-05,7.48e-05,6.95e-05,6.48e-05,6.0700000000000005e-05,5.7600000000000004e-05,5.51e-05
30,0,0,0,0,0,0,2e-07,8e-07,1.7e-06,3.3000000000000006e-06,5.8e-06,9.800000000000001e-06,1.6000000000000003e-05,2.5900000000000003e-05,4.0900000000000005e-05,6.3e-05,9.44e-05,0.00013790000000000002,0.00019460000000000001,0.0002649,0.0003475,0.0004398,0.0005376,0.0006360000000000001,0.0007297,0.0008141000000000001,0.0008831,0.0009341000000000001,0.0009695000000000001,0.0009827000000000002,0.0009783,0.0009567000000000001,0.0009314,0.0008381,0.0007457000000000001,0.0006562,0.0005742,0.00044790000000000005,0.00034970000000000004,0.0003041,0.00027780000000000003,0.0002546,0.00022380000000000002,0.0001999,0.00018590000000000002,0.00019550000000000004,0.0001874,0.0001733,0.00018020000000000002,0.0001733,0.00016370000000000002,0.0001307,0.00012910000000000002,0.0001067,9.27e-05,8.530000000000001e-05,7.92e-05,7.390000000000001e-05,6.9e-05,6.48e-05,6.16e-05
31,0,0,0,0,0,0,2e-07,8e-07,1.7e-06,3.3000000000000006e-06,5.9e-06,9.9e-06,1.63e-05,2.6400000000000005e-05,4.1700000000000004e-05,6.440000000000001e-05,9.680000000000001e-05,0.0001418,0.00020070000000000003,0.0002742,0.00036120000000000005,0.00045970000000000006,0.0005656,0.0006739000000000001,0.0007795,0.0008775,0.0009613,0.0010272999999999999,0.0010776000000000002,0.001104,0.0011102000000000002,0.0010957,0.0010754,0.0009734,0.000869,0.0007658000000000001,0.0006699000000000001,0.0005213,0.00040520000000000004,0.0003507,0.00031900000000000006,0.0002918,0.0002565,0.00022840000000000002,0.00021080000000000003,0.00022100000000000003,0.00021090000000000003,0.0001943,0.00020130000000000001,0.0001932,0.00018170000000000003,0.00014560000000000002,0.0001436,0.0001199,0.0001047,9.650000000000001e-05,8.960000000000001e-05,8.340000000000001e-05,7.79e-05,7.290000000000001e-05,6.87e-05
32,0,0,0,0,0,0,2e-07,8e-07,1.7e-06,3.3000000000000006e-06,5.9e-06,1e-05,1.6400000000000002e-05,2.6600000000000003e-05,4.21e-05,6.51e-05,9.810000000000001e-05,0.000144,0.00020439999999999998,0.00028010000000000003,0.0003704,0.00047340000000000007,0.0005855,0.000702,0.0008175000000000001,0.0009274,0.0010248,0.0011055000000000001,0.0011711,0.0012119000000000001,0.001231,0.0012265000000000002,0.0012141,0.0011063,0.0009920999999999999,0.0008767000000000001,0.0007674000000000001,0.0005963000000000001,0.0004621,0.00039810000000000003,0.00036070000000000004,0.00032950000000000004,0.0002898,0.0002575,0.00023630000000000002,0.000247,0.0002352,0.0002156,0.0002228,0.0002134,0.0002006,0.0001611,0.0001585,0.0001331,0.00011720000000000002,0.0001083,0.00010070000000000001,9.36e-05,8.730000000000001e-05,8.16e-05,7.66e-05
33,0,0,0,0,0,0,2e-07,8e-07,1.7e-06,3.3000000000000006e-06,5.8e-06,9.9e-06,1.6400000000000002e-05,2.6600000000000003e-05,4.21e-05,6.52e-05,9.84e-05,0.0001449,0.0002061,0.0002832,0.0003756,0.00048180000000000006,0.0005984,0.0007211000000000001,0.0008446,0.0009643000000000001,0.0010734000000000002,0.0011675,0.0012477,0.0013032,0.0013363000000000001,0.0013439,0.0013421000000000002,0.0012318000000000001,0.0011107,0.0009854,0.0008641,0.0006713000000000001,0.0005191999999999999,0.00044570000000000005,0.0004024,0.00036730000000000004,0.00032330000000000005,0.00028700000000000004,0.000262,0.0002734,0.00025990000000000003,0.00023730000000000002,0.00024480000000000004,0.0002343,0.00021970000000000003,0.0001774,0.00017390000000000003,0.0001468,0.0001297,0.0001205,0.0001122,0.0001044,9.72e-05,9.070000000000001e-05,8.49e-05
34,0,0,0,0,0,0,2e-07,7.000000000000001e-07,1.7e-06,3.2e-06,5.7000000000000005e-06,9.800000000000001e-06,1.62e-05,2.6400000000000005e-05,4.19e-05,6.489999999999999e-05,9.810000000000001e-05,0.00014460000000000002,0.00020620000000000002,0.000284,0.0003776,0.0004859,0.0006056,0.0007327000000000001,0.0008623000000000001,0.0009899,0.0011085,0.0012139000000000002,0.0013072000000000001,0.0013768,0.0014242,0.0014451000000000002,0.0014556,0.0013462,0.0012213,0.0010886000000000001,0.0009575,0.0007445,0.0005751,0.0004925,0.0004435,0.0004045,0.00035660000000000005,0.00031640000000000005,0.0002876,0.0002997,0.0002848,0.0002592,0.00026710000000000004,0.0002558,0.00023960000000000002,0.0001941,0.0001899,0.0001611,0.00014270000000000003,0.0001328,0.0001242,0.00011570000000000001,0.00010770000000000002,0.0001003,9.38e-05
35,0,0,0,0,0,0,2e-07,9.000000000000001e-07,2.1e-06,4.1000000000000006e-06,7.2000000000000005e-06,1.23e-05,2.04e-05,3.32e-05,5.270000000000001e-05,8.16e-05,0.0001232,0.00018150000000000002,0.00025860000000000005,0.00035590000000000003,0.00047330000000000007,0.0006092000000000001,0.0007601000000000001,0.0009209000000000001,0.0010861000000000002,0.0012503000000000002,0.0014053,0.0015456,0.0016732000000000001,0.0017731000000000001,0.0018469,0.0018881,0.0019160000000000002,0.0017775,0.0016132000000000002,0.0014334,0.0012522000000000002,0.0009403,0.0006986000000000001,0.0005761,0.0005049,0.0004444,0.00037190000000000004,0.0003129,0.0002848,0.0002947,0.00026930000000000004,0.00024440000000000003,0.00024870000000000003,0.00022420000000000003,0.0001952,0.0001436,0.00013780000000000002,0.0001088,9.35e-05,8.740000000000001e-05,8.25e-05,7.780000000000001e-05,7.3e-05,6.85e-05,6.45e-05
36,0,0,0,0,0,0,2e-07,1.0000000000000002e-06,2.2e-06,4.2e-06,7.4e-06,1.2600000000000001e-05,2.08e-05,3.38e-05,5.3700000000000004e-05,8.32e-05,0.00012539999999999999,0.0001844,0.0002623,0.00036030000000000003,0.00047800000000000007,0.000614,0.0007648,0.0009255,0.0010908,0.0012558,0.0014126,0.0015565000000000002,0.0016892,0.0017966,0.0018799,0.0019324000000000001,0.0019722,0.0018419000000000003,0.0016898,0.0015153,0.0013352,0.0010107,0.0007634,0.0006346,0.0005584,0.0004912,0.00041170000000000003,0.0003468,0.00031630000000000004,0.00032490000000000004,0.00029600000000000004,0.0002691,0.0002723,0.0002461,0.0002146,0.0001588,0.0001519,0.0001202,0.0001039,9.690000000000001e-05,9.13e-05,8.6e-05,8.090000000000001e-05,7.58e-05,7.110000000000001e-05
37,0,0,0,0,0,0,2e-07,1.0000000000000002e-06,2.3e-06,4.2e-06,7.499999999999999e-06,1.28e-05,2.11e-05,3.4200000000000005e-05,5.43e-05,8.41e-05,0.0001269,0.0001867,0.0002655,0.0003646,0.00048360000000000005,0.0006207000000000001,0.0007726,0.0009343000000000001,0.0011007,0.0012672,0.0014262,0.0015731,0.0017102,0.0018235000000000003,0.0019146,0.0019765000000000004,0.0020274,0.0019038,0.0017565999999999999,0.0015871000000000001,0.0014081,0.0010723,0.0008134000000000001,0.0006816000000000001,0.0006028000000000001,0.0005318,0.0004462,0.00037590000000000003,0.00034240000000000003,0.0003529,0.0003199,0.00028960000000000005,0.00029410000000000005,0.0002658,0.00023270000000000002,0.00017390000000000003,0.00016600000000000002,0.00013209999999999999,0.0001143,0.0001067,0.0001003,9.420000000000001e-05,8.840000000000001e-05,8.300000000000001e-05,7.77e-05
38,0,0,0,0,0,0,2e-07,1.0000000000000002e-06,2.2e-06,4.3e-06,7.499999999999999e-06,1.27e-05,2.1000000000000002e-05,3.4000000000000007e-05,5.410000000000001e-05,8.38e-05,0.0001267,0.0001867,0.0002658,0.0003656,0.00048560000000000004,0.0006238,0.0007769000000000001,0.0009398000000000001,0.0011075,0.0012754,0.0014361,0.0015854,0.0017257000000000002,0.0018436000000000001,0.0019404000000000001,0.0020097,0.0020696,0.0019522000000000003,0.0018097,0.0016430000000000001,0.0014661000000000001,0.0011222,0.0008545000000000001,0.0007176000000000001,0.0006377,0.0005656,0.0004762,0.00040130000000000005,0.0003642,0.0003767,0.00034240000000000003,0.00030790000000000006,0.0003132,0.00028460000000000003,0.0002501,0.0001888,0.0001798,0.00014450000000000002,0.0001251,0.00011650000000000001,0.0001094,0.00010250000000000001,9.6e-05,9e-05,8.43e-05
39,0,0,0,0,0,0,2e-07,9.000000000000001e-07,2.1e-06,4.1000000000000006e-06,7.4e-06,1.25e-05,2.06e-05,3.34e-05,5.31e-05,8.25e-05,0.0001248,0.00018420000000000003,0.0002629,0.0003623,0.0004823,0.0006209000000000001,0.0007746000000000001,0.0009384,0.0011071,0.0012760000000000002,0.0014381,0.0015892,0.0017318000000000001,0.0018526000000000003,0.0019538,0.0020285999999999998,0.0020954000000000003,0.0019834,0.0018456000000000002,0.0016825,0.0015074,0.001159,0.0008857000000000001,0.0007455000000000001,0.0006636000000000001,0.0005917000000000001,0.0005011,0.0004234,0.00038270000000000003,0.0003966,0.0003621,0.00032490000000000004,0.0003306,0.00030230000000000003,0.00026700000000000004,0.00020360000000000002,0.00019380000000000002,0.00015740000000000003,0.00013649999999999998,0.0001267,0.0001187,0.0001111,0.00010380000000000002,9.71e-05,9.09e-05
40,0,0,0,0,0,0,2e-07,9.000000000000001e-07,2.0000000000000003e-06,3.9e-06,7.100000000000001e-06,1.2100000000000001e-05,2e-05,3.25e-05,5.16e-05,8.02e-05,0.0001215,0.00017960000000000003,0.000257,0.00035500000000000006,0.0004737,0.0006114,0.0007646,0.0009283,0.0010973,0.0012669,0.0014298000000000002,0.001582,0.0017262,0.0018493,0.0019533,0.0020322,0.0021041000000000002,0.0019971,0.0018637999999999999,0.0017048000000000002,0.0015329000000000002,0.0011825000000000002,0.0009066,0.0007651,0.0006825000000000001,0.0006104000000000001,0.0005202000000000001,0.0004416,0.00039810000000000003,0.00041320000000000007,0.0003789,0.0003397,0.0003467,0.0003188,0.0002833,0.0002185,0.0002078,0.00017060000000000003,0.0001486,0.0001376,0.0001285,0.00011999999999999999,0.000112,0.00010449999999999999,9.76e-05
41,0,0,0,0,0,0,2e-07,8e-07,1.9000000000000002e-06,3.8000000000000005e-06,6.8e-06,1.16e-05,1.93e-05,3.13e-05,4.98e-05,7.74e-05,0.0001174,0.00017370000000000002,0.00024880000000000003,0.00034460000000000003,0.00046080000000000003,0.0005961,0.0007474000000000001,0.0009098000000000001,0.001078,0.0012471000000000001,0.0014102000000000001,0.0015630000000000002,0.0017081,0.0018328,0.0019390000000000002,0.0020209000000000004,0.0020965000000000003,0.0019941,0.0018652,0.001711,0.001543,0.0011939000000000001,0.0009177,0.0007765000000000001,0.0006942000000000001,0.0006231000000000001,0.0005336,0.0004555,0.0004103,0.0004268,0.00039309999999999996,0.00035190000000000004,0.0003606,0.0003342,0.00029870000000000005,0.0002333,0.00022190000000000003,0.00018420000000000003,0.00016130000000000002,0.0001493,0.000139,0.0001294,0.0001205,0.00011230000000000002,0.00010460000000000001
42,0,0,0,0,0,0,2e-07,8e-07,1.8000000000000001e-06,3.6000000000000003e-06,6.5e-06,1.11e-05,1.84e-05,2.9999999999999997e-05,4.77e-05,7.43e-05,0.0001127,0.0001669,0.00023930000000000002,0.00033180000000000004,0.00044479999999999997,0.0005767000000000001,0.0007246,0.0008841000000000001,0.0010501,0.0012176,0.0013798,0.0015324000000000002,0.0016777,0.0018032,0.001911,0.0019951,0.0020733,0.0019758,0.0018515,0.0017023000000000001,0.0015388,0.0011938,0.0009198,0.00078,0.0006991,0.0006298,0.0005422,0.00046499999999999997,0.00041920000000000005,0.00043740000000000006,0.000405,0.0003622,0.0003724,0.00034810000000000006,0.0003132,0.00024750000000000005,0.00023570000000000004,0.00019789999999999999,0.0001743,0.00016140000000000002,0.00015020000000000002,0.0001395,0.0001296,0.0001204,0.0001122
43,0,0,0,0,0,0,2e-07,8e-07,1.7e-06,3.4e-06,6.1e-06,1.06e-05,1.7500000000000002e-05,2.8600000000000004e-05,4.5600000000000004e-05,7.09e-05,0.00010770000000000002,0.0001596,0.0002291,0.00031800000000000003,0.0004267,0.0005545,0.000698,0.0008532,0.0010155000000000001,0.0011801000000000001,0.0013401,0.0014913,0.0016357000000000001,0.0017614000000000002,0.0018699,0.0019557000000000003,0.0020358999999999998,0.0019434,0.0018241000000000002,0.0016803,0.001522,0.0011834000000000003,0.0009136999999999999,0.0007766000000000001,0.0006975000000000001,0.0006307000000000001,0.0005458,0.00047060000000000005,0.0004247,0.00044479999999999997,0.00041440000000000004,0.0003707,0.0003822,0.00036020000000000003,0.0003266,0.0002614,0.00024910000000000004,0.0002116,0.0001875,0.00017390000000000003,0.0001619,0.0001504,0.0001394,0.00012930000000000003,0.0001201
44,0,0,0,0,0,0,2e-07,7.000000000000001e-07,1.6e-06,3.2e-06,5.8e-06,1e-05,1.66e-05,2.72e-05,4.33e-05,6.75e-05,0.00010250000000000001,0.000152,0.00021840000000000002,0.0003035,0.0004077,0.0005304,0.0006692,0.0008194999999999999,0.0009769,0.0011373,0.0012938000000000001,0.0014425000000000002,0.0015851,0.0017099,0.0018185,0.0019053000000000002,0.0019867,0.0018995000000000001,0.0017857000000000003,0.0016477,0.001495,0.0011646,0.0009008000000000001,0.0007671,0.0006904000000000001,0.0006264,0.0005448,0.0004724,0.0004272,0.0004489,0.00042110000000000004,0.0003774,0.0003903,0.0003708,0.00033860000000000004,0.0002745,0.00026210000000000003,0.000225,0.0002008,0.0001867,0.000174,0.00016180000000000003,0.0001499,0.00013879999999999999,0.0001286
45,0,0,0,0,0,0,2e-07,9.000000000000001e-07,2.0000000000000003e-06,3.8000000000000005e-06,6.9e-06,1.18e-05,1.97e-05,3.2000000000000005e-05,5.1000000000000006e-05,7.94e-05,0.0001204,0.00017830000000000002,0.0002558,0.0003548,0.0004760000000000001,0.0006182000000000001,0.0007788000000000001,0.0009537,0.0011364,0.0013223000000000002,0.0015043,0.0016773,0.0018435,0.0019895,0.0021170000000000004,0.0022196,0.0023164,0.0022221000000000003,0.0020939,0.0019347000000000001,0.0017572000000000002,0.0013688,0.0010535,0.0008878000000000001,0.0007909,0.0007079,0.0006038,0.0005106,0.0004558000000000001,0.0004788,0.00044300000000000003,0.00039210000000000004,0.00040730000000000003,0.00038300000000000004,0.00034270000000000004,0.00026710000000000004,0.0002539,0.0002121,0.00018690000000000002,0.00017350000000000002,0.00016160000000000002,0.00015000000000000001,0.00013890000000000002,0.0001283,0.0001184
46,0,0,0,0,0,0,2e-07,9.000000000000001e-07,2.0000000000000003e-06,3.9e-06,7e-06,1.1900000000000001e-05,1.97e-05,3.21e-05,5.1099999999999995e-05,7.93e-05,0.0001202,0.00017750000000000003,0.00025400000000000005,0.00035130000000000003,0.0004697,0.0006081,0.0007634,0.0009313,0.0011074000000000001,0.0012854000000000001,0.0014586,0.0016231,0.0017808000000000001,0.0019192000000000002,0.00204,0.0021372,0.0022292,0.0021378,0.0020250000000000003,0.0018790000000000002,0.0017156000000000003,0.0013434,0.0010514,0.0008948,0.0008030000000000001,0.0007193,0.0006142000000000001,0.0005206,0.0004691,0.0004926,0.00045510000000000006,0.00040520000000000004,0.0004219,0.000397,0.00035630000000000004,0.00028010000000000003,0.0002677,0.00022520000000000003,0.0002002,0.0001865,0.0001741,0.000162,0.00015010000000000002,0.0001387,0.0001281
47,0,0,0,0,0,0,2e-07,9.000000000000001e-07,2.0000000000000003e-06,3.8000000000000005e-06,6.9e-06,1.17e-05,1.94e-05,3.15e-05,5.0100000000000005e-05,7.780000000000001e-05,0.00011789999999999999,0.0001742,0.00024900000000000004,0.0003442,0.0004594,0.0005936000000000001,0.0007437,0.0009050000000000001,0.0010729000000000001,0.0012432,0.0014077,0.0015629,0.0017116,0.0018414,0.0019546000000000003,0.0020455,0.0021317,0.0020432,0.0019348000000000002,0.0017998,0.0016479,0.0012948,0.0010169,0.0008742,0.0007913,0.0007125,0.0006097,0.0005187,0.0004704,0.0004978,0.00045950000000000006,0.0004101,0.0004297,0.0004057,0.0003662,0.00029160000000000004,0.0002793,0.00023770000000000003,0.00021270000000000002,0.000199,0.00018630000000000003,0.00017370000000000002,0.00016130000000000002,0.0001493,0.00013790000000000002
48,0,0,0,0,0,0,2e-07,8e-07,1.9000000000000002e-06,3.8000000000000005e-06,6.600000000000001e-06,1.13e-05,1.87e-05,3.0400000000000004e-05,4.83e-05,7.510000000000001e-05,0.0001138,0.0001682,0.0002407,0.0003329,0.0004446000000000001,0.0005742,0.0007187000000000001,0.0008736000000000001,0.0010341,0.0011954,0.0013520000000000001,0.0014985,0.0016378,0.0017591,0.0018643000000000002,0.0019484000000000003,0.0020283,0.0019424000000000002,0.0018383000000000002,0.0017099,0.0015681000000000002,0.0012348,0.000972,0.0008378000000000001,0.0007635000000000001,0.0006927000000000001,0.0005957,0.0005085000000000001,0.0004626,0.0004931,0.0004584000000000001,0.0004095,0.00043080000000000006,0.00040970000000000004,0.00037220000000000005,0.0003005,0.00028869999999999997,0.00024870000000000003,0.00022430000000000003,0.0002107,0.00019800000000000002,0.0001851,0.00017230000000000001,0.0001597,0.0001477
49,0,0,0,0,0,0,2e-07,8e-07,1.8000000000000001e-06,3.5e-06,6.300000000000001e-06,1.08e-05,1.78e-05,2.8899999999999998e-05,4.5900000000000004e-05,7.15e-05,0.00010839999999999999,0.0001604,0.00022980000000000003,0.0003181,0.0004252,0.0005498,0.0006884,0.0008366000000000001,0.0009898,0.0011431,0.0012908,0.0014296,0.0015603000000000001,0.0016732000000000001,0.0017707,0.001848,0.0019213000000000001,0.0018380000000000002,0.0017381000000000002,0.0016160000000000002,0.001482,0.0011685,0.0009214000000000001,0.0007957000000000001,0.0007266,0.0006633,0.0005745,0.0004929,0.00044929999999999997,0.0004815,0.00045120000000000007,0.000405,0.00042760000000000004,0.00040970000000000004,0.000375,0.00030720000000000004,0.0002963,0.00025860000000000005,0.00023490000000000002,0.00022160000000000002,0.00020899999999999998,0.00019610000000000002,0.000183,0.00017010000000000001,0.0001577
50,0,0,0,0,0,0,2e-07,7.000000000000001e-07,1.7e-06,3.3000000000000006e-06,5.9e-06,1.02e-05,1.68e-05,2.7300000000000003e-05,4.33e-05,6.74e-05,0.0001024,0.00015150000000000002,0.0002172,0.00030100000000000005,0.00040280000000000003,0.0005213,0.0006533,0.0007945000000000001,0.0009401,0.0010855,0.0012252,0.0013555,0.0014785,0.0015839,0.0016741,0.0017452,0.0018120000000000002,0.0017315000000000002,0.0016359,0.00152,0.0013935,0.001099,0.0008675000000000001,0.0007502,0.0006862000000000001,0.0006283,0.0005476,0.0004729,0.00043210000000000004,0.00046530000000000003,0.00043930000000000005,0.0003965,0.00042090000000000004,0.0004064,0.00037490000000000006,0.00031130000000000003,0.0003021,0.00026710000000000004,0.0002447,0.00023180000000000002,0.00021940000000000002,0.00020660000000000003,0.00019360000000000002,0.0001805,0.0001677
51,0,0,0,0,0,0,1e-07,7.000000000000001e-07,1.6e-06,3.1000000000000004e-06,5.600000000000001e-06,9.5e-06,1.58e-05,2.56e-05,4.070000000000001e-05,6.330000000000001e-05,9.620000000000001e-05,0.0001424,0.0002042,0.00028310000000000005,0.00037910000000000005,0.0004909000000000001,0.0006156,0.0007491,0.0008867,0.0010240000000000002,0.0011556000000000001,0.0012782000000000002,0.0013929,0.0014918000000000002,0.0015755000000000003,0.0016409,0.0017019000000000001,0.0016245,0.0015332000000000002,0.0014236000000000001,0.0013045,0.0010288,0.0008124,0.0007032000000000001,0.0006441,0.0005914000000000001,0.0005175000000000001,0.00044960000000000003,0.0004123,0.00044600000000000005,0.000424,0.0003845,0.00041070000000000006,0.0004,0.00037200000000000004,0.0003131,0.0003055,0.00027390000000000004,0.0002534,0.0002412,0.00022920000000000004,0.0002167,0.0002038,0.00019070000000000003,0.0001778
52,0,0,0,0,0,0,1e-07,6.000000000000001e-07,1.5e-06,2.9e-06,5.2e-06,8.9e-06,1.48e-05,2.4e-05,3.820000000000001e-05,5.9300000000000005e-05,9.010000000000001e-05,0.0001334,0.0001914,0.0002654,0.0003554,0.00046039999999999997,0.0005773999999999999,0.0007027000000000001,0.0008319,0.0009608,0.0010842,0.0011990000000000002,0.001306,0.0013979,0.0014759,0.0015361,0.0015919,0.0015182,0.0014315,0.0013282,0.0012165000000000001,0.0009592,0.0007575,0.0006561000000000001,0.0006016,0.0005536,0.00048630000000000006,0.00042440000000000007,0.0003904,0.00042449999999999996,0.0004064,0.0003702,0.00039760000000000007,0.00039060000000000006,0.0003664,0.00031250000000000006,0.00030680000000000003,0.0002784,0.00026050000000000004,0.0002496,0.00023830000000000002,0.00022620000000000002,0.0002136,0.00020070000000000003,0.0001878
53,0,0,0,0,0,0,1e-07,6.000000000000001e-07,1.4000000000000001e-06,2.7e-06,4.9000000000000005e-06,8.4e-06,1.3899999999999999e-05,2.25e-05,3.57e-05,5.5599999999999996e-05,8.44e-05,0.000125,0.00017930000000000002,0.0002486,0.0003328,0.00043099999999999996,0.0005405000000000001,0.0006575000000000001,0.0007782,0.0008984000000000002,0.0010134,0.0011202,0.0012196000000000002,0.0013048,0.0013769000000000001,0.0014324000000000001,0.0014834000000000002,0.0014138,0.001332,0.0012351000000000003,0.0011306,0.0008913000000000001,0.0007039,0.0006099,0.0005596,0.0005159,0.0004547,0.0003985,0.0003675,0.00040150000000000006,0.00038710000000000003,0.00035430000000000005,0.0003823,0.00037870000000000004,0.00035810000000000003,0.0003093,0.0003058,0.0002809,0.0002652,0.0002564,0.0002464,0.00023500000000000002,0.0002228,0.0002103,0.00019750000000000003
54,0,0,0,0,0,0,1e-07,6.000000000000001e-07,1.3e-06,2.6e-06,4.6e-06,7.9e-06,1.3e-05,2.11e-05,3.36e-05,5.22e-05,7.92e-05,0.00011720000000000002,0.00016810000000000002,0.00023300000000000003,0.0003119,0.0004036,0.0005059,0.0006151,0.0007274,0.0008391,0.0009457000000000001,0.0010446000000000001,0.0011363,0.0012147,0.001281,0.0013322000000000002,0.0013783,0.0013128000000000003,0.0012362,0.0011455999999999999,0.0010481000000000002,0.0008262,0.0006524,0.0005655,0.0005191000000000001,0.00047930000000000005,0.00042350000000000005,0.00037260000000000006,0.0003444,0.0003777,0.0003666,0.0003372,0.00036570000000000005,0.00036510000000000004,0.0003479,0.000304,0.00030250000000000003,0.0002812,0.0002681,0.000261,0.000253,0.00024290000000000002,0.0002315,0.00021930000000000002,0.00020690000000000001
55,0,0,0,0,0,0,1e-07,5.000000000000001e-07,1.2000000000000002e-06,2.4000000000000003e-06,4.3e-06,7.4e-06,1.23e-05,1.9900000000000003e-05,3.16e-05,4.91e-05,7.450000000000001e-05,0.0001102,0.00015790000000000002,0.0002188,0.0002927,0.0003786,0.0004741000000000001,0.0005759000000000001,0.0006805000000000001,0.0007841000000000001,0.0008827,0.0009738,0.0010579,0.0011297,0.00119,0.0012367,0.0012783,0.0012167000000000002,0.0011449000000000001,0.0010607000000000001,0.00097,0.0007644,0.0006037,0.0005233,0.0004806000000000001,0.0004442,0.0003934,0.00034710000000000003,0.0003216,0.00035400000000000004,0.00034540000000000005,0.0003193,0.000348,0.00035000000000000005,0.00033600000000000004,0.00029680000000000006,0.0002972,0.0002792,0.00026890000000000003,0.0002638,0.0002574,0.0002493,0.00023920000000000001,0.0002278,0.0002157
56,0,0,0,0,0,0,1e-07,5.000000000000001e-07,1.2000000000000002e-06,2.3e-06,4.1000000000000006e-06,7e-06,1.16e-05,1.88e-05,2.98e-05,4.63e-05,7.03e-05,0.0001039,0.0001488,0.00020600000000000002,0.00027529999999999997,0.00035590000000000003,0.00044520000000000003,0.0005403,0.0006377,0.0007339,0.0008252000000000001,0.0009090000000000001,0.0009859,0.0010512000000000002,0.0011058,0.0011477,0.0011848,0.0011270000000000002,0.0010595000000000001,0.0009811000000000002,0.0008969,0.0007067000000000001,0.0005581000000000001,0.00048390000000000005,0.0004445,0.0004112,0.00036480000000000003,0.00032260000000000004,0.0002994,0.0003306,0.0003241,0.0003009,0.00032950000000000004,0.00033390000000000004,0.00032280000000000004,0.0002881,0.0002901,0.0002752,0.00026740000000000005,0.00026450000000000003,0.00026,0.0002535,0.0002454,0.00023530000000000003,0.000224
57,0,0,0,0,0,0,1e-07,5.000000000000001e-07,1.1e-06,2.2e-06,3.9e-06,6.600000000000001e-06,1.1000000000000001e-05,1.78e-05,2.83e-05,4.39e-05,6.65e-05,9.83e-05,0.0001406,0.0001945,0.0002598,0.0003355,0.0004193,0.0005082,0.0005991,0.0006886,0.0007731000000000001,0.0008504,0.0009207999999999999,0.00098,0.0010291,0.0010664000000000001,0.0010991000000000002,0.0010442000000000001,0.0009807,0.0009075,0.0008292000000000001,0.0006533,0.0005159,0.0004474,0.0004111,0.0003805,0.00033790000000000003,0.0002995,0.0002784,0.000308,0.0003032,0.0002825,0.0003107,0.0003168,0.0003086,0.0002779,0.0002816,0.00026940000000000004,0.0002639,0.000263,0.0002606,0.0002561,0.0002495,0.0002414,0.00023140000000000001
58,0,0,0,0,0,0,1e-07,5.000000000000001e-07,1.1e-06,2.1e-06,3.7e-06,6.300000000000001e-06,1.0500000000000001e-05,1.69e-05,2.69e-05,4.1700000000000004e-05,6.330000000000001e-05,9.340000000000001e-05,0.00013350000000000002,0.0001844,0.0002461,0.0003174,0.00039610000000000003,0.0004796,0.0005646000000000001,0.0006479000000000001,0.0007264,0.0007978000000000001,0.0008623000000000001,0.0009161000000000001,0.0009602,0.0009931,0.0010216,0.0009690000000000001,0.0009089,0.0008405,0.0007673000000000001,0.0006043,0.00047730000000000005,0.00041390000000000003,0.00038040000000000003,0.0003522,0.000313,0.00027780000000000003,0.0002585,0.00028660000000000003,0.0002829,0.00026440000000000003,0.0002918,0.0002992,0.00029330000000000003,0.00026649999999999997,0.0002717,0.00026210000000000003,0.0002587,0.0002595,0.0002591,0.0002566,0.000252,0.0002455,0.0002374
59,0,0,0,0,0,0,1e-07,5.000000000000001e-07,1.0000000000000002e-06,2.0000000000000003e-06,3.6000000000000003e-06,6.1e-06,1e-05,1.62e-05,2.57e-05,3.99e-05,6.0400000000000004e-05,8.92e-05,0.0001274,0.00017570000000000002,0.00023410000000000003,0.0003015,0.00037580000000000003,0.00045420000000000004,0.0005339,0.0006118,0.0006847,0.0007508,0.0008101000000000001,0.0008591,0.0008987000000000001,0.0009277,0.0009523000000000001,0.0009016,0.0008444,0.0007799,0.0007115,0.0005599,0.00044209999999999996,0.0003835,0.0003524,0.0003263,0.0002901,0.0002577,0.00023999999999999998,0.00026649999999999997,0.0002636,0.0002469,0.00027330000000000003,0.0002816,0.0002774,0.00025400000000000005,0.0002607,0.00025330000000000003,0.0002518,0.0002544,0.00025560000000000003,0.000255,0.0002525,0.0002478,0.0002414
60,0,0,0,0,0,0,1e-07,4e-07,1.0000000000000002e-06,1.9000000000000002e-06,3.5e-06,5.9e-06,9.7e-06,1.56e-05,2.4800000000000003e-05,3.8400000000000005e-05,5.81e-05,8.560000000000001e-05,0.00012220000000000002,0.0001684,0.00022390000000000002,0.0002879,0.00035820000000000003,0.00043210000000000004,0.000507,0.0005799000000000001,0.0006478,0.000709,0.0007637,0.0008085000000000001,0.0008442,0.0008697,0.000891,0.0008419,0.0007871,0.0007258,0.0006614,0.0005203,0.00041050000000000006,0.00035610000000000004,0.00032720000000000004,0.00030290000000000004,0.00026930000000000004,0.00023930000000000002,0.00022300000000000003,0.0002478,0.0002455,0.00023030000000000001,0.00025550000000000003,0.0002641,0.0002614,0.00024060000000000002,0.00024849999999999997,0.0002434,0.00024359999999999999,0.0002476,0.0002504,0.0002515,0.0002509,0.0002483,0.00024370000000000001
61,0,0,0,0,0,0,1e-07,4e-07,1.0000000000000002e-06,1.9000000000000002e-06,3.4e-06,5.7000000000000005e-06,9.4e-06,1.5200000000000002e-05,2.4e-05,3.72e-05,5.6200000000000004e-05,8.27e-05,0.00011789999999999999,0.0001622,0.00021540000000000003,0.0002764,0.00034320000000000005,0.00041320000000000007,0.00048380000000000005,0.0005522,0.0006157000000000001,0.0006725,0.0007230000000000001,0.0007639000000000001,0.0007963,0.0008188000000000002,0.0008372,0.0007894999999999999,0.0007368000000000001,0.0006784,0.0006173,0.000485,0.00038260000000000003,0.00033160000000000004,0.0003047,0.0002819,0.0002505,0.00022260000000000002,0.0002075,0.00023070000000000002,0.0002287,0.00021470000000000001,0.00023860000000000003,0.0002472,0.0002455,0.00022690000000000004,0.0002356,0.0002323,0.0002342,0.00023960000000000002,0.00024380000000000002,0.0002464,0.0002474,0.00024670000000000003,0.00024410000000000002
62,0,0,0,0,0,0,1e-07,4e-07,1.0000000000000002e-06,1.9000000000000002e-06,3.3000000000000006e-06,5.600000000000001e-06,9.2e-06,1.48e-05,2.34e-05,3.6200000000000006e-05,5.47e-05,8.04e-05,0.0001145,0.0001573,0.00020850000000000003,0.0002669,0.0003307,0.0003973,0.00046410000000000006,0.0005285,0.0005879,0.0006409,0.0006875000000000001,0.0007251,0.0007544000000000001,0.0007745,0.0007903000000000001,0.0007440000000000001,0.0006931,0.0006371,0.0005788,0.00045430000000000004,0.00035800000000000003,0.0003103,0.0002848,0.0002633,0.0002338,0.00020760000000000003,0.00019350000000000001,0.0002152,0.0002133,0.00020030000000000002,0.00022290000000000002,0.00023119999999999998,0.00023,0.00021320000000000003,0.00022230000000000004,0.00022030000000000002,0.00022360000000000001,0.00023030000000000001,0.00023579999999999999,0.00023990000000000003,0.0002424,0.0002433,0.00024260000000000004
63,0,0,0,0,0,0,1e-07,4e-07,1.0000000000000002e-06,1.8000000000000001e-06,3.2e-06,5.500000000000001e-06,9e-06,1.45e-05,2.29e-05,3.55e-05,5.36e-05,7.870000000000002e-05,0.00011180000000000001,0.00015340000000000002,0.0002029,0.0002593,0.00032050000000000004,0.0003841,0.0004475,0.0005084,0.0005642,0.0006137,0.0006568,0.0006914,0.000718,0.0007360000000000001,0.0007494,0.0007045,0.0006551,0.0006014000000000001,0.0005455,0.00042770000000000004,0.00033670000000000005,0.00029160000000000004,0.0002675,0.0002469,0.0002189,0.0001941,0.000181,0.0002012,0.00019930000000000002,0.00018710000000000002,0.00020830000000000002,0.0002162,0.0002153,0.00019970000000000003,0.00020899999999999998,0.0002079,0.0002121,0.0002199,0.0002267,0.00023210000000000003,0.00023590000000000001,0.0002384,0.00023920000000000001
64,0,0,0,0,0,0,1e-07,4e-07,1.0000000000000002e-06,1.8000000000000001e-06,3.2e-06,5.4e-06,8.9e-06,1.4300000000000002e-05,2.26e-05,3.5000000000000004e-05,5.280000000000001e-05,7.74e-05,0.0001099,0.0001504,0.0001987,0.0002534,0.00031250000000000006,0.0003735,0.00043420000000000004,0.0004919,0.0005446,0.000591,0.000631,0.0006628000000000001,0.0006870000000000001,0.0007031,0.0007144,0.0006706,0.0006225,0.0005708999999999999,0.0005171,0.000405,0.0003185,0.00027560000000000003,0.0002525,0.00023270000000000002,0.00020580000000000002,0.0001823,0.0001699,0.0001888,0.0001867,0.0001751,0.000195,0.00020240000000000004,0.0002015,0.00018680000000000001,0.000196,0.00019550000000000004,0.00020030000000000002,0.0002087,0.0002165,0.0002231,0.0002283,0.000232,0.00023440000000000003
65,0,0,0,0,0,0,1e-07,4e-07,1.0000000000000002e-06,1.8000000000000001e-06,3.2e-06,5.4e-06,8.9e-06,1.4200000000000001e-05,2.25e-05,3.4699999999999996e-05,5.2300000000000004e-05,7.66e-05,0.0001086,0.00014840000000000003,0.0001957,0.00024900000000000004,0.0003064,0.0003655,0.0004238,0.0004788,0.0005288000000000001,0.0005725,0.0006095,0.0006388,0.0006609000000000001,0.0006754,0.0006846,0.0006418000000000001,0.0005947000000000001,0.000545,0.0004929,0.00038570000000000005,0.00030300000000000005,0.000262,0.0002397,0.0002205,0.00019460000000000001,0.000172,0.0001602,0.0001778,0.0001754,0.0001643,0.000183,0.0001897,0.0001887,0.00017460000000000002,0.00018350000000000002,0.0001831,0.00018820000000000002,0.00019710000000000002,0.0002055,0.00021310000000000003,0.0002195,0.0002245,0.00022820000000000002
66,0,0,0,0,0,0,1e-07,4e-07,1.0000000000000002e-06,1.8000000000000001e-06,3.2e-06,5.4e-06,8.8e-06,1.4200000000000001e-05,2.2400000000000002e-05,3.45e-05,5.2e-05,7.620000000000001e-05,0.0001078,0.0001472,0.00019380000000000002,0.0002462,0.00030230000000000003,0.0003597,0.0004161,0.000469,0.0005167,0.000558,0.0005925,0.0006196000000000001,0.0006396,0.0006526,0.0006599,0.0006177000000000001,0.0005714,0.0005232,0.00047260000000000005,0.00036950000000000004,0.00029,0.0002505,0.00022889999999999998,0.0002101,0.0001849,0.0001631,0.0001518,0.0001682,0.0001655,0.0001548,0.0001722,0.0001782,0.00017690000000000002,0.0001631,0.0001717,0.0001713,0.0001764,0.0001853,0.0001941,0.0002022,0.00020960000000000003,0.00021580000000000004,0.00022070000000000002
67,0,0,0,0,0,0,1e-07,4e-07,1.0000000000000002e-06,1.8000000000000001e-06,3.2e-06,5.4e-06,8.8e-06,1.4200000000000001e-05,2.2400000000000002e-05,3.45e-05,5.2e-05,7.6e-05,0.00010750000000000001,0.00014670000000000002,0.00019280000000000002,0.0002446,0.0002998,0.00035610000000000004,0.000411,0.00046220000000000007,0.0005079,0.0005473,0.0005796,0.0006047000000000001,0.0006229,0.0006343,0.0006398,0.000598,0.0005522,0.0005051,0.00045570000000000007,0.000356,0.0002791,0.000241,0.0002198,0.00020140000000000002,0.0001767,0.0001554,0.00014450000000000002,0.0001598,0.00015680000000000002,0.0001463,0.00016260000000000002,0.0001678,0.00016620000000000003,0.00015250000000000002,0.0001606,0.00016010000000000002,0.00016490000000000002,0.00017370000000000002,0.00018250000000000002,0.000191,0.000199,0.0002061,0.00021220000000000004
68,0,0,0,0,0,0,1e-07,4e-07,1.0000000000000002e-06,1.8000000000000001e-06,3.2e-06,5.4e-06,8.9e-06,1.4200000000000001e-05,2.2400000000000002e-05,3.46e-05,5.2e-05,7.6e-05,0.00010750000000000001,0.0001466,0.00019250000000000002,0.00024390000000000002,0.0002985,0.00035400000000000004,0.00040790000000000005,0.00045770000000000007,0.0005019,0.0005396,0.0005701,0.0005934,0.0006099,0.0006198000000000001,0.0006237,0.0005819999999999999,0.0005365,0.0004901,0.0004416,0.00034470000000000003,0.0002701,0.00023300000000000003,0.0002123,0.0001941,0.0001698,0.00014890000000000001,0.0001384,0.0001527,0.00014920000000000002,0.00013890000000000002,0.000154,0.0001585,0.0001565,0.0001428,0.0001504,0.0001495,0.000154,0.0001625,0.0001711,0.00017960000000000003,0.00018790000000000001,0.0001957,0.00020270000000000002
69,0,0,0,0,0,0,1e-07,4e-07,1.0000000000000002e-06,1.9000000000000002e-06,3.3000000000000006e-06,5.500000000000001e-06,8.9e-06,1.4300000000000002e-05,2.25e-05,3.46e-05,5.21e-05,7.620000000000001e-05,0.00010770000000000002,0.0001468,0.0001927,0.00024390000000000002,0.0002982,0.0003532,0.0004063,0.0004552,0.0004983,0.0005346,0.0005636,0.0005853,0.0006002000000000001,0.0006087000000000001,0.0006112000000000001,0.0005692000000000001,0.0005237999999999999,0.00047790000000000007,0.00043010000000000005,0.0003354,0.0002626,0.0002264,0.0002061,0.00018810000000000002,0.00016410000000000003,0.00014350000000000002,0.0001332,0.0001466,0.0001426,0.00013240000000000002,0.0001466,0.00015020000000000002,0.00014780000000000001,0.000134,0.000141,0.0001397,0.0001438,0.0001518,0.00016010000000000002,0.0001684,0.00017680000000000001,0.00018480000000000002,0.00019240000000000001
70,0,0,0,0,0,0,1e-07,4e-07,1.0000000000000002e-06,1.9000000000000002e-06,3.3000000000000006e-06,5.500000000000001e-06,8.9e-06,1.4300000000000002e-05,2.25e-05,3.4699999999999996e-05,5.22e-05,7.630000000000001e-05,0.00010790000000000002,0.000147,0.0001929,0.00024410000000000002,0.00029830000000000004,0.000353,0.0004058,0.000454,0.0004962,0.0005315000000000001,0.0005593,0.0005797,0.0005932,0.0006003,0.0006016,0.0005592,0.0005138,0.00046810000000000005,0.0004207,0.00032780000000000005,0.0002564,0.0002209,0.000201,0.0001831,0.00015930000000000002,0.00013890000000000002,0.00012890000000000002,0.0001414,0.000137,0.0001269,0.0001401,0.0001428,0.00014000000000000001,0.000126,0.00013240000000000002,0.0001307,0.0001343,0.0001418,0.0001496,0.0001576,0.00016570000000000002,0.0001738,0.00018170000000000003
71,0,0,0,0,0,0,1e-07,4e-07,1.0000000000000002e-06,1.9000000000000002e-06,3.3000000000000006e-06,5.500000000000001e-06,8.9e-06,1.4300000000000002e-05,2.25e-05,3.4699999999999996e-05,5.2300000000000004e-05,7.640000000000001e-05,0.00010800000000000001,0.0001472,0.0001931,0.00024440000000000003,0.0002986,0.0003533,0.0004058,0.0004537,0.0004954,0.0005299,0.0005567,0.0005761,0.0005885,0.0005944,0.0005946,0.0005518000000000001,0.0005061999999999999,0.00046049999999999997,0.00041339999999999997,0.0003217,0.0002515,0.0002165,0.0001969,0.00017910000000000002,0.0001554,0.0001352,0.0001253,0.0001372,0.0001323,0.0001221,0.00013450000000000002,0.0001364,0.0001331,0.00011880000000000001,0.00012470000000000002,0.0001225,0.0001256,0.0001325,0.0001398,0.0001473,0.00015510000000000003,0.000163,0.0001709
72,0,0,0,0,0,0,1e-07,4e-07,1.0000000000000002e-06,1.8000000000000001e-06,3.2e-06,5.4e-06,8.9e-06,1.4300000000000002e-05,2.2400000000000002e-05,3.46e-05,5.21e-05,7.620000000000001e-05,0.0001078,0.00014690000000000002,0.0001929,0.0002442,0.0002986,0.0003532,0.0004057,0.0004535,0.0004949,0.0005290000000000001,0.0005551999999999999,0.0005738000000000001,0.0005853,0.0005904,0.0005896,0.0005463,0.0005004,0.0004546,0.0004076,0.0003168,0.00024750000000000005,0.0002129,0.00019350000000000001,0.00017570000000000002,0.0001522,0.000132,0.0001223,0.00013350000000000002,0.0001283,0.0001181,0.0001296,0.0001309,0.00012700000000000002,0.0001125,0.0001178,0.00011509999999999999,0.0001176,0.0001239,0.0001306,0.0001377,0.000145,0.00015260000000000002,0.00016030000000000002
73,0,0,0,0,0,0,1e-07,4e-07,9.000000000000001e-07,1.8000000000000001e-06,3.2e-06,5.4e-06,8.8e-06,1.4100000000000002e-05,2.22e-05,3.4200000000000005e-05,5.16e-05,7.55e-05,0.00010690000000000001,0.0001459,0.0001918,0.0002431,0.0002975,0.0003522,0.0004048000000000001,0.0004526,0.0004939,0.0005278,0.0005537000000000001,0.0005718,0.0005827,0.0005871000000000001,0.0005856,0.0005419,0.0004957,0.00044970000000000003,0.00040280000000000003,0.0003128,0.00024410000000000002,0.0002098,0.00019050000000000002,0.0001728,0.00014940000000000003,0.00012930000000000003,0.0001197,0.0001304,0.0001248,0.00011470000000000001,0.00012539999999999999,0.0001259,0.0001215,0.0001068,0.00011150000000000001,0.0001083,0.00011030000000000001,0.000116,0.00012220000000000002,0.0001287,0.00013550000000000001,0.0001426,0.00015000000000000001
74,0,0,0,0,0,0,1e-07,4e-07,9.000000000000001e-07,1.8000000000000001e-06,3.1000000000000004e-06,5.3e-06,8.6e-06,1.38e-05,2.18e-05,3.36e-05,5.07e-05,7.420000000000001e-05,0.0001053,0.0001439,0.0001896,0.0002407,0.000295,0.0003498,0.0004025,0.00045050000000000005,0.000492,0.0005259,0.0005517,0.0005697,0.0005802,0.0005843,0.0005821,0.0005381,0.0004916,0.0004456,0.00039860000000000004,0.0003093,0.0002411,0.0002071,0.00018790000000000001,0.00017030000000000002,0.00014690000000000002,0.0001269,0.0001174,0.0001276,0.0001217,0.0001116,0.0001217,0.00012160000000000001,0.00011670000000000002,0.00010169999999999999,0.00010590000000000001,0.0001023,0.0001037,0.00010889999999999999,0.00011440000000000002,0.00012030000000000001,0.00012660000000000001,0.0001332,0.00014020000000000002
75,0,0,0,0,0,0,1e-07,4e-07,9.000000000000001e-07,1.7e-06,3e-06,5.1e-06,8.3e-06,1.34e-05,2.11e-05,3.26e-05,4.92e-05,7.22e-05,0.0001026,0.0001406,0.00018570000000000001,0.00023630000000000002,0.0002904,0.00034510000000000004,0.0003979,0.0004462,0.0004879,0.0005222,0.0005482,0.0005662000000000001,0.0005767000000000001,0.0005806,0.0005781,0.0005340000000000001,0.00048740000000000003,0.00044140000000000005,0.0003945,0.0003058,0.0002381,0.00020430000000000003,0.0001853,0.0001677,0.00014450000000000002,0.00012450000000000002,0.00011509999999999999,0.000125,0.0001189,0.00010889999999999999,0.0001184,0.00011770000000000001,0.00011240000000000001,9.72e-05,0.0001009,9.680000000000001e-05,9.779999999999999e-05,0.0001024,0.00010740000000000001,0.0001127,0.0001184,0.00012450000000000002,0.0001309
76,0,0,0,0,0,0,1e-07,3.0000000000000004e-07,8e-07,1.6e-06,2.8000000000000003e-06,4.800000000000001e-06,7.9e-06,1.28e-05,2.0200000000000003e-05,3.12e-05,4.72e-05,6.939999999999999e-05,9.88e-05,0.00013580000000000002,0.0001799,0.00022980000000000003,0.0002832,0.0003377,0.0003905,0.000439,0.00048120000000000004,0.0005159,0.0005423,0.0005606,0.0005713000000000001,0.0005754,0.0005727000000000001,0.0005289,0.0004823,0.00043650000000000004,0.0003897,0.0003018,0.0002348,0.00020130000000000001,0.00018240000000000002,0.000165,0.0001419,0.00012220000000000002,0.0001129,0.00012240000000000002,0.0001161,0.0001062,0.00011520000000000001,0.00011410000000000001,0.00010839999999999999,9.32e-05,9.630000000000001e-05,9.200000000000001e-05,9.250000000000001e-05,9.650000000000001e-05,0.0001009,0.00010570000000000001,0.0001109,0.00011640000000000001,0.0001223
77,0,0,0,0,0,0,1e-07,3.0000000000000004e-07,7.000000000000001e-07,1.5e-06,2.6e-06,4.5e-06,7.4e-06,1.2e-05,1.8900000000000002e-05,2.9300000000000004e-05,4.45e-05,6.560000000000001e-05,9.37e-05,0.00012930000000000003,0.000172,0.00022060000000000002,0.0002731,0.00032700000000000003,0.0003797,0.00042830000000000006,0.0004709,0.0005061999999999999,0.0005331,0.000552,0.0005632,0.0005674,0.000565,0.0005217,0.0004756,0.00043020000000000005,0.00038370000000000006,0.000297,0.00023080000000000003,0.0001976,0.0001789,0.00016180000000000003,0.00013910000000000002,0.00011960000000000001,0.0001104,0.00011950000000000002,0.0001132,0.0001035,0.000112,0.0001106,0.0001047,8.950000000000001e-05,9.22e-05,8.760000000000002e-05,8.77e-05,9.120000000000001e-05,9.510000000000001e-05,9.93e-05,0.0001039,0.00010889999999999999,0.0001143
78,0,0,0,0,0,0,0.0,3.0000000000000004e-07,6.000000000000001e-07,1.3e-06,2.4000000000000003e-06,4.1000000000000006e-06,6.8e-06,1.1000000000000001e-05,1.74e-05,2.7000000000000002e-05,4.1e-05,6.0700000000000005e-05,8.71e-05,0.00012080000000000001,0.00016160000000000002,0.0002084,0.0002595,0.0003124,0.0003645,0.00041320000000000007,0.00045610000000000003,0.0004919,0.0005197,0.0005392,0.0005510000000000001,0.0005555,0.0005539,0.0005114,0.0004663,0.0004213,0.0003757,0.0002904,0.0002255,0.0001929,0.00017460000000000002,0.00015790000000000002,0.0001357,0.00011650000000000001,0.00010740000000000001,0.00011630000000000001,0.00011000000000000002,0.0001005,0.00010870000000000001,0.000107,0.00010100000000000002,8.6e-05,8.83e-05,8.360000000000001e-05,8.340000000000001e-05,8.64e-05,8.980000000000001e-05,9.35e-05,9.76e-05,0.00010200000000000001,0.0001068
79,0,0,0,0,0,0,0.0,2e-07,5.000000000000001e-07,1.1e-06,2.1e-06,3.6000000000000003e-06,6e-06,9.7e-06,1.55e-05,2.4100000000000003e-05,3.68e-05,5.47e-05,7.900000000000001e-05,0.00011030000000000001,0.0001485,0.00019300000000000003,0.0002421,0.00029350000000000003,0.00034470000000000003,0.00039309999999999996,0.0004362000000000001,0.0004724,0.0005012,0.0005215,0.0005339,0.0005386000000000001,0.0005384,0.0004971,0.0004536,0.00040930000000000003,0.00036500000000000004,0.0002817,0.0002186,0.0001867,0.00016910000000000002,0.000153,0.0001316,0.0001129,0.000104,0.0001125,0.00010640000000000001,9.71e-05,0.0001049,0.0001032,9.72e-05,8.27e-05,8.46e-05,7.99e-05,7.94e-05,8.21e-05,8.5e-05,8.82e-05,9.17e-05,9.56e-05,9.990000000000002e-05
80,0,0,0,0,0,0,0.0,0.0,2e-07,5.000000000000001e-07,1.1e-06,2.1e-06,3.7e-06,6.200000000000001e-06,1.0100000000000002e-05,1.6100000000000002e-05,2.5200000000000003e-05,3.86e-05,5.7600000000000004e-05,8.360000000000001e-05,0.0001173,0.00015910000000000002,0.0002084,0.000264,0.0003235,0.0003842,0.00044320000000000004,0.0004976000000000001,0.0005452,0.0005843,0.0006136000000000001,0.0006334000000000001,0.0006436,0.000603,0.0005551000000000001,0.0005055,0.0004526,0.0003509,0.0002723,0.00023260000000000002,0.00021050000000000002,0.0001919,0.00016720000000000003,0.0001449,0.000133,0.0001449,0.0001392,0.0001281,0.0001394,0.0001395,0.0001334,0.0001173,0.0001192,0.00011410000000000001,0.00011310000000000001,0.0001158,0.0001189,0.0001223,0.00012680000000000002,0.00013010000000000002,0.0001338
